playerID,daysActive,BatG,BatBA,BatHR,FieldG,FieldPercent,PitchW,PitchL,PitchKBB,allStarCount,Cy_Young_Award,Gold_Glove_Award,Silver_Slugger,MVP,avgSalary,inducted
aaronha01,8209,3298,0.304998,32.8261,3020,0.955583,0,0,0,25,0,3,0,1,0,1
abbotji01,3756,263,0.0952381,0,263,0.979336,87,108,1.38974,0,0,0,0,0,1440056,0
adamsba01,7420,482,0.211973,0.157895,482,0.960437,194,140,2.26392,0,0,0,0,0,0,0
adamsbo03,4754,1281,0.269221,2.46667,1066,0.926931,0,0,0,0,0,0,0,0,0,0
adamssp01,4395,1424,0.285766,0.642857,1384,0.921562,0,0,0,0,0,0,0,0,0,0
ageeto01,4034,1129,0.255368,10,1073,0.983531,0,0,0,2,0,2,0,0,0,0
aguilri01,5565,737,0.201439,0.157895,732,0.987184,86,81,3.31561,3,0,0,0,0,2172533,0
akerja01,3799,496,0.076087,0,495,0.966179,47,45,1.29046,0,0,0,0,0,0,0
alexado01,6668,562,0.166038,0,561,0.964539,194,174,1.76177,1,0,0,0,0,745000,0
alexape01,6983,703,0.20884,0.52381,697,0.941405,373,208,2.28684,0,0,0,0,0,0,1
allenbe01,4180,1139,0.239424,5.61538,1023,0.97449,0,0,0,0,0,0,0,0,0,0
allendi01,5038,1749,0.291851,23.4,1722,0.827993,0,0,0,7,0,0,0,1,0,0
allenjo02,4543,365,0.173184,0.266667,352,0.960167,142,75,1.42175,1,0,0,0,0,0,0
alleyge01,3676,1195,0.254393,5,1138,0.935364,0,0,0,2,0,2,0,0,0,0
allisdo01,4452,318,0.270789,0.166667,344,0.724877,0,0,0,0,0,0,0,0,0,0
alomaro01,5980,2379,0.300231,11.0526,2325,0.97927,0,0,0,12,0,10,4,2,4787738,1
alomasa02,6939,1377,0.272848,5.09091,1325,0.945805,0,0,0,6,0,1,0,1,1673529,0
aloufe01,5799,2082,0.286279,10.8421,2006,0.957181,0,0,0,3,0,0,0,0,0,0
alouje01,5863,1380,0.279862,2,1051,0.967941,0,0,0,0,0,0,0,0,0,0
alouma01,5016,1667,0.306961,1.82353,1481,0.945072,0,0,3,2,0,0,0,0,0,0
aloumo01,6529,1942,0.303254,18.4444,1864,0.98305,0,0,0,6,0,0,2,0,4776860,0
altroni01,12862,230,0.176364,0.0952381,227,0.65904,83,75,1.05891,0,0,0,0,0,0,0
anderbr01,5159,1834,0.255578,13.125,1691,0.988144,0,0,0,3,0,0,0,0,3020817,0
anderga01,5854,2228,0.292708,16.8824,1913,0.987276,0,0,0,3,0,0,2,1,4501353,0
andersp01,170,152,0.218029,0,152,0.9842,0,0,0,0,0,0,0,0,0,1
ansonca01,9647,2523,0.332587,3.59259,2592,0.830093,0,1,0.5,0,0,0,0,0,0,1
aparilu01,6373,2601,0.261681,4.61111,2583,0.971339,0,0,0,13,0,9,0,0,0,1
appieke01,5437,414,0.0963855,0,414,0.981378,169,137,1.89002,1,0,0,0,0,4382917,0
applilu01,7326,2422,0.310411,2.25,2359,0.908182,0,0,0,7,0,0,0,0,0,1
archeji01,5109,847,0.249433,1.14286,804,0.840652,0,0,0,0,0,0,0,0,0,0
ashburi01,5276,2189,0.307711,1.93333,2106,0.976719,0,0,0,6,0,0,0,0,0,1
aurilri01,5142,1652,0.275476,11.625,1605,0.944081,0,0,0,1,0,0,1,0,2130633,0
ausmubr01,6276,1971,0.251473,4.21053,1960,0.76095,0,0,0,1,0,3,0,0,2133206,0
austiji01,7475,1580,0.246474,0.722222,1541,0.834184,0,0,0,0,0,0,0,0,0,0
averiea01,4392,1668,0.317803,17,1589,0.973929,0,0,0,6,0,0,0,0,0,1
baergca01,5648,1630,0.291046,8.375,1366,0.86054,0,0,0,3,0,0,2,0,1935000,0
bagweje01,5291,2150,0.296781,29.9333,2112,0.994112,0,0,0,4,0,1,3,1,8542268,1
bahnsst01,5867,575,0.11691,0.0526316,574,0.867674,146,149,1.56814,0,0,0,0,0,0,0
bailebo01,5862,1931,0.257152,10.5,1738,0.855195,0,0,0,0,0,0,0,0,0,0
bailobo01,3683,955,0.263875,0.818182,981,0.836576,0,0,0,0,0,0,0,0,352500,0
baineha01,7840,2830,0.289261,14.2222,1061,0.874033,0,0,0,6,0,0,1,0,1384643,0
bakerdu01,6601,2039,0.278348,12.7368,1903,0.932176,0,0,0,2,0,1,2,1,525000,0
bakerfr01,5121,1575,0.307152,7.38462,1548,0.948938,0,0,0,0,0,0,0,0,0,1
bancrda01,5526,1913,0.279031,1.88235,1892,0.905395,0,0,0,0,0,0,0,0,0,1
bandosa01,5509,2019,0.253541,15.125,1932,0.879352,0,0,0,4,0,0,0,0,0,0
bankser01,6583,2528,0.274175,26.9474,2476,0.977687,0,0,0,14,0,1,0,2,0,1
barbest01,5214,466,0.115453,0.277778,466,0.823378,121,106,1.37158,2,0,0,0,0,0,0
barnero01,3792,499,0.359114,0.666667,505,0.744465,0,0,0,0,0,0,0,0,0,0
barrji01,4446,481,0.161793,0.0833333,454,0.946433,101,112,1.73404,0,0,0,0,0,0,0
barryja01,3997,1223,0.243367,0.833333,1219,0.937521,0,0,0,0,0,0,0,0,0,0
bartedi01,6809,2016,0.283786,4.15789,1989,0.891075,0,0,0,2,0,0,0,0,0,0
bartobo01,3238,393,0.225929,0.9,380,0.992,0,0,0,0,0,0,0,0,0,0
battijo01,6865,480,0.224782,0.25,490,0.745395,0,0,0.5,0,0,0,0,0,0,0
bauerha01,4701,1544,0.276774,11.7143,1450,0.91386,0,0,0,3,0,0,0,0,0,0
baylodo01,6588,2292,0.260429,16.9,970,0.979031,0,0,0,1,0,0,3,1,674205,0
beaucji01,3651,393,0.231467,1.16667,184,0.921682,0,0,0,0,0,0,0,0,0,0
beaumgi01,4194,1463,0.310777,3.25,1409,0.950777,0,0,0,0,0,0,0,0,0,0
beckegl01,3667,1320,0.282834,2,1249,0.97905,0,0,0,4,0,1,0,0,0,0
becklja01,6933,2386,0.307579,3.90909,2385,0.938278,0,1,2,0,0,0,0,0,0,1
beckro01,4849,704,0.210526,0,704,0.957843,38,45,3.49686,3,0,0,0,0,2660033,0
bedrost01,5108,732,0.0980392,0,732,0.944913,76,79,1.84933,1,1,0,0,0,942500,0
belanma01,6265,2016,0.227524,1.11111,1971,0.979848,0,0,0,1,0,8,0,0,0,0
bellbu01,6272,2405,0.279489,10.05,2373,0.941216,0,0,0,5,0,6,1,0,820552,0
belleal01,4096,1539,0.294892,31.75,1311,0.894217,0,0,0,5,0,0,5,0,6491753,0
bellge02,4559,1587,0.277968,22.0833,1236,0.912637,0,0,0,3,0,0,3,1,1942778,0
bellja01,6208,2063,0.265342,10.8333,2006,0.9367,0,0,0,2,0,1,1,0,3547656,0
benchjo01,5876,2158,0.267433,22.8824,2193,0.899838,0,0,0,14,0,10,0,3,0,1
bendech01,8128,507,0.211857,0.375,472,0.871274,212,127,2.36483,0,0,0,0,0,0,1
benitar01,5062,762,0,0,762,0.852317,40,47,2.43716,2,0,0,0,0,3600399,0
bennech01,5631,1062,0.255954,3.66667,1084,0.846897,0,0,0,0,0,0,0,0,0,0
bentola01,4502,462,0.165312,0.133333,455,0.96518,127,128,0.961933,0,0,0,0,0,0,0
bergema01,1274,344,0.265258,2.5,341,0.903457,0,0,0,0,0,0,0,0,0,0
bergewa01,3733,1350,0.300213,17.2857,1309,0.979437,0,0,0,4,0,0,0,0,0,0
bergmo01,5910,663,0.243243,0.375,632,0.875396,0,0,0,0,0,0,0,0,0,0
berrayo01,6804,2120,0.28458,18.8421,1962,0.979177,0,0,0,18,0,0,0,3,0,1
berrych02,4833,709,0.267096,1.91667,657,0.972683,0,0,0,0,0,0,0,0,0,0
berryke01,4647,1384,0.254594,4.14286,1312,0.91296,0,0,0,1,0,2,0,0,0,0
bibbyji01,4282,341,0.148325,0.357143,340,0.939564,111,101,1.40872,1,0,0,0,0,0,0
bicheda01,4779,1704,0.298699,18.2667,1553,0.909533,0,0,0,4,0,0,1,0,3566667,0
bigbeca01,3635,1147,0.287452,1.54545,1073,0.929193,0,0,0,0,0,0,0,0,0,0
biggicr01,7035,2850,0.281353,14.55,2780,0.9823,0,0,0,7,0,4,5,0,4324500,1
billija01,4453,476,0.110912,0,476,0.968593,145,113,1.42007,1,0,0,0,0,0,0
bishoma01,4176,1338,0.270583,3.41667,1258,0.980713,0,0,0,0,0,0,0,0,0,0
blackew01,4745,237,0.173815,0.0909091,236,0.863018,82,78,1.18053,6,0,0,0,0,0,0
bladera01,3690,767,0.300621,5,648,0.880141,0,0,0,0,0,0,0,0,0,0
blairpa01,5763,1947,0.250414,7.44444,1893,0.846454,0,0,0,2,0,8,0,0,0,0
blakeca01,4400,1265,0.263556,11.1333,1283,0.883735,0,0,0,0,0,0,0,0,3620267,0
blassst01,3629,295,0.172161,0.1,283,0.873873,103,76,1.43419,1,0,0,0,0,0,0
bluegos01,6289,1867,0.271894,2.38889,1816,0.919572,0,0,0,1,0,0,0,0,0,0
bluelu01,4394,1615,0.287263,3.38462,1572,0.966171,0,0,0,0,0,0,0,0,0,0
bluevi01,6283,508,0.103516,0.235294,502,0.967635,209,161,1.88168,6,1,0,0,1,350000,0
blylebe01,8157,699,0.13082,0,692,0.974887,287,250,2.78951,2,0,0,0,0,1193750,1
boccajo01,4035,551,0.218878,2.16667,511,0.861038,0,0,0,0,0,0,0,0,0,0
boddimi01,4635,347,0,0,342,0.853713,134,116,1.70825,1,0,1,0,1,1598611,0
bodiepi01,3746,1050,0.275477,4.77778,1012,0.961945,0,0,0,0,0,0,0,0,0,0
boggswa01,6348,2440,0.327887,6.55556,2285,0.897215,0,0,0.5,12,0,2,8,0,2113288,1
boleyjo01,1905,540,0.268539,1,529,0.853789,0,0,0,0,0,0,0,0,0,0
bolinbo01,4548,496,0.163121,0.428571,495,0.939464,88,75,2.00614,0,0,0,0,0,0,0
bondsba01,7789,2986,0.29806,34.6364,2874,0.98405,0,0,0,14,0,8,12,7,8556606,0
bondsbo01,4849,1849,0.267784,22.1333,1736,0.975693,0,0,0,3,0,3,0,1,0,0
bondto01,3751,488,0.238481,0,520,0.82142,234,163,3.83325,0,0,0,0,0,0,0
bonilbo01,5660,2113,0.278664,15.1053,1972,0.898693,0,0,0,6,0,0,3,0,3271875,0
booneaa01,4489,1152,0.262723,9.69231,1108,0.817273,0,0,0,1,0,0,0,0,1482273,0
boonebo01,6591,2264,0.253692,5.52632,2240,0.922928,0,0,0,4,0,7,0,0,1047580,0
boonebr01,4728,1780,0.265599,16.8,1771,0.985547,0,0,0,3,0,4,2,0,3755385,0
bottoji01,5508,1991,0.309597,13.6875,1886,0.989353,0,0,0,0,0,0,0,1,0,1
boudrlo01,5098,1646,0.295074,4.53333,1618,0.865848,0,0,0,8,0,0,0,1,0,1
boutoji01,6004,307,0.100865,0,304,0.950427,62,63,1.73828,1,0,0,0,0,0,0
bowala01,5661,2247,0.260276,0.882353,2227,0.923516,0,0,0,5,0,2,0,0,525000,0
boyercl02,5831,1725,0.241522,10.125,1689,0.880816,0,0,0,0,0,1,0,0,0,0
boyerke01,5233,2034,0.287458,16.5882,1992,0.96137,0,0,0,11,0,5,0,1,0,0
bradlbi01,5876,1461,0.270902,2.35714,1447,0.878242,0,0,0,0,0,0,0,0,0,0
brechha01,4892,321,0.191679,0.166667,318,0.983958,133,92,1.72993,2,0,0,0,0,0,0
breitte01,3663,447,0.216036,0.363636,444,0.931865,160,170,0.715918,0,0,0,0,0,0,0
bresnro01,6610,1446,0.279402,1.44444,1375,0.853092,4,1,0.65,0,0,0,0,0,0,1
brettge01,7367,2707,0.304764,15.0952,2200,0.838419,0,0,0,13,0,1,3,2,2227381,1
breweji01,5790,586,0.15,0,584,0.955172,69,65,2.07389,1,0,0,0,0,0,0
bridgto01,5820,424,0.180459,0,424,0.959644,194,138,1.56523,6,0,0,0,0,0,0
briggjo02,4181,1366,0.252854,9.92857,1213,0.973055,0,0,0,0,0,0,0,0,0,0
brilene01,4895,452,0.153518,0.2,452,0.89968,129,112,1.96638,0,0,0,0,0,0,0
brocklo01,6594,2616,0.292586,7.45,2507,0.94895,0,0,0,6,0,0,0,0,0,1
brookhu01,5049,1645,0.269166,9.93333,1489,0.96624,0,0,0,2,0,0,2,0,1046500,0
brosisc01,3713,1146,0.257393,12.8182,1209,0.921082,0,0,0,1,0,1,0,1,2256300,0
broutda01,9234,1673,0.342125,5.3,1674,0.865816,0,2,0.70835,0,0,0,0,0,0,1
brownga01,4482,1051,0.257294,6.46154,429,0.979492,0,0,0,0,0,0,0,0,0,0
brownke01,6871,490,0.129293,0.105263,486,0.948537,211,144,2.61514,6,0,0,0,0,7699441,0
brownla01,4103,1129,0.232821,3.61538,1096,0.931833,0,0,0,0,0,0,0,0,0,0
brownmo01,4887,493,0.205599,0.133333,485,0.867279,239,130,2.03544,0,0,0,0,0,0,1
brownto05,3904,324,0.152979,0.166667,302,0.954308,123,90,1.90007,1,0,0,0,0,1392778,0
brownwi02,29,21,0.179104,1,18,1,0,0,0,0,0,0,0,0,0,1
brutobi01,4190,1610,0.272622,7.83333,1561,0.981725,0,0,0,0,0,0,0,0,0,0
bucknbi01,7556,2517,0.288922,6.96,2199,0.962136,0,0,0,1,0,0,0,0,460278,0
buhneja01,5140,1472,0.25394,19.375,1398,0.987265,0,0,0,1,0,1,0,0,2654486,0
bumbral01,4778,1496,0.281417,3.85714,1241,0.982864,0,0,0,1,0,0,0,0,160000,0
bunniji01,5889,601,0.167059,0.388889,591,0.962678,224,184,2.78625,9,0,0,0,0,0,1
burdele01,6137,666,0.182987,0.571429,626,0.970043,203,144,1.55197,3,0,0,0,1,0,0
burgesm01,6739,1691,0.294789,6.3,1139,0.990367,0,0,0,9,0,0,0,0,0,0
burkeje01,5646,2066,0.33844,4.6875,2079,0.829391,3,11,0.963767,0,0,0,0,0,0,1
burksel01,6365,2000,0.291344,18.5263,1612,0.984917,0,0,0,2,0,1,2,0,3109028,0
burleri01,4813,1346,0.272621,3.84615,1290,0.969569,0,0,0,4,0,1,1,0,637778,0
burnije01,4846,1694,0.253415,19.6875,1579,0.978181,0,0,0,1,0,0,0,0,3566026,0
burnsge01,5085,1853,0.286839,2.73333,1845,0.975619,0,0,0,0,0,0,0,0,0,0
burrepa01,4144,1640,0.253135,22.4615,1386,0.975908,0,0,0,0,0,0,0,0,6437273,0
burroje01,5557,1689,0.260658,15,1287,0.975324,0,0,0,2,0,0,0,1,350000,0
bushdo01,5475,1946,0.250208,0.529412,1936,0.941219,0,0,0,0,0,0,0,0,0,0
bushgu01,7922,544,0.161036,0,542,0.810733,176,136,0.918539,0,0,0,0,0,0,0
bushjo01,5844,581,0.252623,0.368421,498,0.925483,195,183,0.967384,0,0,0,0,0,0,0
butlebr01,5883,2213,0.290342,3,2159,0.992328,0,0,0,1,0,0,0,0,1821023,0
cabreor01,5133,1985,0.271753,6.83333,1966,0.897708,0,0,0,0,0,2,0,0,3694321,0
cadorle01,3392,193,0.208145,0.454545,192,0.866909,68,72,1.34315,0,0,0,0,0,0,0
caldwmi01,4770,477,0.157407,0,475,0.977673,137,130,1.61428,0,0,0,0,0,0,0
callijo01,5456,1886,0.264131,14.125,1777,0.982744,0,0,0,4,0,0,0,1,0,0
camermi01,5860,1955,0.248574,15.4444,1921,0.986928,0,0,0,1,0,3,0,0,4493176,0
camildo01,4397,1490,0.276854,18.3846,1476,0.990585,0,0,0,2,0,0,0,1,0,0
caminke01,5197,1760,0.271947,14.9375,1709,0.945859,0,0,0,3,0,3,1,1,2682607,0
camniho01,4028,326,0.135894,0.0833333,326,0.957175,133,106,1.28215,0,0,0,0,0,0,0
campabe01,7009,2328,0.258982,3.95,2281,0.875021,0,0,0.5,6,0,0,0,0,0,0
camparo01,3449,1215,0.2761,24.2,1183,0.98793,0,0,0,8,0,0,0,3,0,1
campbbi02,5038,700,0.153846,0,700,0.949973,83,68,1.70361,1,0,0,0,0,328750,0
candejo01,6604,603,0.174497,0.0434783,600,0.920309,177,122,2.93373,1,0,0,0,0,783611,0
candito01,5829,452,0.117057,0,451,0.974517,151,164,1.99049,0,0,0,0,0,2276786,0
cannich01,5277,740,0.234872,1.28571,715,0.98782,0,0,0,1,0,0,0,0,0,0
cansejo01,5878,1887,0.265977,24.3158,1012,0.913606,0,0,0,6,0,0,4,1,3005333,0
cardejo02,6382,2017,0.274698,6.57143,1846,0.84598,0,0,0,0,0,0,0,0,0,0
cardele01,5541,1941,0.257194,7.375,1915,0.967715,0,0,0,5,0,1,0,0,0,0
carewro01,6752,2469,0.327751,4.84211,2321,0.951154,0,0,0,18,0,0,0,1,875000,1
careyma01,6936,2476,0.284631,3.33333,2421,0.967643,0,0,0,0,0,0,0,0,0,1
carltst01,8412,745,0.20128,0.481481,741,0.964967,329,244,2.10834,10,4,1,0,0,562500,1
carrach01,3445,1325,0.258183,5,1313,0.960794,0,0,0,4,0,0,0,0,0,0
carribi02,3738,709,0.256853,0.6,666,0.976077,0,0,0,0,0,0,0,0,0,0
carrocl02,5142,731,0.129808,0.0588235,731,0.974606,96,73,1.68862,2,0,0,0,0,0,0
cartega01,6586,2295,0.262451,17.0526,2272,0.917215,0,0,0,11,0,3,5,2,1523036,1
cartejo01,5539,2189,0.259321,23.2941,2040,0.949894,0,0,0,5,0,0,2,0,3367599,0
cartyri01,5852,1651,0.299144,11.3333,884,0.925611,0,0,0,1,0,0,0,0,0,0
casanpa01,3278,859,0.225054,5,811,0.97934,0,0,0,1,0,0,0,0,0,0
casege01,3616,1226,0.282097,1.90909,1187,0.967409,0,0,0,4,0,0,0,0,0,0
caseyse01,4034,1405,0.302211,10,1313,0.995708,0,0,0,3,0,0,0,0,3754091,0
cashda01,4040,1422,0.282859,1.75,1374,0.949493,0,0,0,3,0,0,0,0,0,0
cashno01,5893,2089,0.271439,22.1765,1954,0.992747,0,0,0,5,0,0,0,0,0,0
castilu01,5169,1720,0.290169,1.75,1683,0.984088,0,0,0,3,0,3,0,0,3390523,0
castivi02,5506,1854,0.276165,17.7778,1826,0.9362,0,0,0,2,0,0,3,0,2995767,0
cavarph01,7539,2030,0.292715,4.31818,1792,0.956391,0,0,0,4,0,0,0,1,0,0
cedence01,5826,2006,0.285499,11.0556,1976,0.9485,0,0,0,4,0,5,0,0,381250,0
cepedor01,6001,2124,0.296581,19.9474,1918,0.877264,0,0,0,11,0,0,0,1,0,1
ceyro01,5791,2073,0.260821,18.5882,1996,0.960447,0,0,0,6,0,0,0,1,1300000,0
chambch01,6190,2175,0.278563,10.2778,1962,0.992859,0,0,0,1,0,1,0,0,784726,0
chancfr01,5835,1287,0.296253,1.17647,1256,0.925832,0,0,0,0,0,0,0,0,0,1
chandsp01,3795,211,0.20073,0.818182,211,0.985764,109,43,1.28012,4,0,0,0,1,0,0
chapmbe01,5871,1717,0.302254,4.73684,1673,0.907888,8,6,0.626675,4,0,0,0,0,0,0
chapmra01,2908,1051,0.278203,1.88889,1044,0.850971,0,0,0,0,0,0,0,0,0,0
chapmsa01,4877,1368,0.266439,15,1329,0.974779,0,0,0,1,0,0,0,0,0,0
chaseha01,5277,1919,0.290953,3.35294,1902,0.887569,0,0,0,0,0,0,0,0,0,0
chesbja01,3734,393,0.196736,0.416667,394,0.81165,198,132,1.69902,0,0,0,0,0,0,1
cirilje01,4890,1617,0.296145,7.46667,1515,0.872078,0,0,0.5,2,0,0,0,0,2603321,0
cissebi01,3819,956,0.267062,2.9,956,0.845055,0,0,0,0,0,0,0,0,0,0
clarkfr01,7754,2242,0.311858,3.19048,2196,0.850467,0,0,0,0,0,0,0,0,0,1
clarkho01,3412,1272,0.255558,2.45455,1187,0.971413,0,0,0,0,0,0,0,0,0,0
clarkja01,6195,1994,0.266686,18.8889,1624,0.98594,0,0,0,4,0,0,2,0,1729333,0
clarkjo01,4454,546,0.218845,1.84615,564,0.689044,328,178,1.80541,0,0,0,0,0,0,1
clarkto02,5061,1559,0.262136,15.6875,1212,0.992524,0,0,0,1,0,0,0,0,1714385,0
clarkwi02,5290,1976,0.30336,17.75,1889,0.992475,0,0,0,6,0,1,2,1,3614791,0
claytro01,5854,2108,0.25803,5.5,2057,0.961555,0,0,0,1,0,0,0,0,2050875,0
clemero01,6379,2433,0.317326,13.3333,2373,0.942185,0,0,0,15,0,12,0,2,0,1
clemero02,8524,709,0.173184,0,709,0.974063,354,184,3.02576,11,7,0,0,2,5761952,0
coaklan01,3205,150,0.116992,0,150,0.94662,58,59,1.31599,0,0,0,0,0,0,0
cobbty01,8413,3035,0.366363,4.875,2954,0.938023,0,0,0,0,0,0,0,1,0,1
cochrmi01,4424,1482,0.319598,9.15385,1452,0.91545,0,0,0,2,0,0,0,2,0,1
colavro01,4767,1841,0.266031,23.375,1787,0.926763,1,0,0.41665,9,0,0,0,0,0,0
colboji01,3367,302,0.0727273,0,301,0.960582,83,88,1.28946,1,0,0,0,0,0,0
colemvi01,4379,1371,0.263596,2,1311,0.977064,0,0,0,2,0,0,0,0,1235192,0
collied01,8723,2826,0.333199,1.88,2701,0.865613,0,0,0,0,0,0,0,1,0,1
colliji01,4880,1725,0.294187,4.0625,1719,0.910481,0,0,0,0,0,0,0,0,0,1
collish01,5503,1799,0.264006,1.375,1714,0.93095,0,0,0,0,0,0,0,0,0,0
combsea01,4183,1455,0.324748,4.83333,1387,0.977692,0,0,0,0,0,0,0,0,0,1
comisch01,4516,1390,0.263975,2.23077,1409,0.793589,0,1,0.222233,0,0,0,0,0,0,1
conceda01,6737,2488,0.266651,5.31579,2499,0.867602,0,0,0,9,0,5,2,1,632500,0
coneda01,6198,451,0.15534,0,450,0.951242,194,126,2.2457,5,1,0,0,0,4184219,0
coninje01,6223,2024,0.284893,10.7,2002,0.896398,0,0,0,2,0,0,0,1,2174333,0
conlajo01,450,128,0.263014,0,91,0.95795,0,0,0,0,0,0,0,0,0,1
connoro01,6226,1997,0.316526,7.26316,1999,0.90127,0,0,0,0,0,0,0,0,0,1
conrowi01,3815,1374,0.24837,2,1362,0.918019,0,0,0,0,0,0,0,0,0,0
coombja01,5127,460,0.235135,0.285714,417,0.893833,158,110,0.99505,0,0,0,0,0,0,0
coopece01,5786,1896,0.298272,14.1765,1475,0.991269,0,0,0,5,0,2,3,0,758912,0
coopemo01,3888,297,0.19419,0.461538,295,0.868769,128,75,1.42925,4,0,0,0,1,0,0
coopewa01,6204,1473,0.285198,8.2381,1223,0.97721,0,0,0,8,0,0,0,0,0,0
coopewi01,5074,521,0.238794,0.375,519,0.851106,216,178,1.40356,0,0,0,0,0,0,0
courtcl01,3556,946,0.26824,2.92308,802,0.972783,0,0,0,0,0,0,0,0,0,0
covelst01,5806,451,0.15879,0.0714286,451,0.883287,215,142,1.21141,0,0,0,0,0,0,1
coxbi02,5012,1058,0.262392,6,1052,0.920758,0,0,0,0,0,0,0,0,0,0
coxbo01,535,220,0.224522,4.5,194,0.964067,0,0,0,0,0,0,0,0,0,1
cramedo01,6811,2239,0.295952,1.85,2144,0.981182,0,0,0.3333,5,0,0,0,0,0,0
crandde01,6309,1573,0.25388,11.1875,1502,0.988576,0,0,0,11,0,4,0,0,0,0
cranddo01,3781,500,0.285231,0.75,386,0.746841,102,62,1.4353,0,0,0,0,0,0,0
cravaga01,4550,1220,0.287016,9.91667,1095,0.910954,0,0,0,0,0,0,0,0,0,0
crawfsa01,6580,2517,0.309404,5.10526,2450,0.973568,0,0,0,0,0,0,0,0,0,1
crigelo01,5733,1012,0.221424,0.6875,996,0.93351,0,0,0,0,0,0,0,0,0,0
critzhu01,4136,1478,0.268297,2.92308,1455,0.958193,0,0,0,0,0,0,0,0,0,0
cronijo01,6930,2124,0.301491,8.5,2005,0.924942,0,0,0,7,0,0,0,0,0,1
crosefr01,6018,1683,0.245499,5.76471,1658,0.884904,0,0,0,2,0,0,0,0,0,0
crossla01,7348,2275,0.291556,2.04348,2296,0.940176,0,0,0,0,0,0,0,0,0,0
crowdal01,3621,403,0.193625,0,402,0.987821,167,115,0.990414,1,0,0,0,0,0,0
crowlte01,5141,865,0.249671,2.625,228,0.943865,0,0,0,0,0,0,0,0,0,0
cruiswa01,3691,736,0.277467,2.72727,670,0.963785,0,0,0,0,0,0,0,0,0,0
cruzjo01,6513,2353,0.284325,8.68421,2159,0.974538,0,0,0,2,0,0,2,0,664096,0
cuccito01,5642,1704,0.279592,5.52941,1678,0.919841,0,0,0,3,0,0,0,0,0,0
cuellmi01,6590,456,0.114977,0.466667,453,0.81828,185,130,1.93175,4,1,0,0,0,0,0
culpra01,3799,322,0.122924,0.0909091,322,0.947536,122,101,1.8018,2,0,0,0,0,0,0
cummica01,1944,247,0.212348,0,254,0.6699,145,94,1.15552,0,0,0,0,0,0,1
cuyleki01,6194,1879,0.321045,6.73684,1807,0.973272,0,0,0,1,0,0,0,0,0,1
dahlebi01,7477,2443,0.272063,4,2432,0.930843,0,0,0,0,0,0,0,0,0,0
danniha01,3344,890,0.285089,5.7,802,0.987618,0,0,0,4,0,0,0,0,0,0
darkal01,5194,1828,0.289375,7.41176,1812,0.900019,0,0,0,3,0,0,0,0,0,0
darliro01,4361,402,0.144487,0.133333,382,0.935027,136,116,1.80873,1,0,1,0,0,1629091,0
darwida01,7319,722,0.127869,0.08,716,0.913632,171,182,2.65367,0,0,0,0,0,1258267,0
daubeja01,5273,2014,0.303141,3.73333,2002,0.991367,0,0,0,0,0,0,0,1,0,0
dauerri01,3305,1140,0.256986,4.3,1207,0.98257,0,0,0,0,0,0,0,0,480000,0
daultda01,5117,1161,0.245455,9.13333,1087,0.933889,0,0,0,3,0,0,1,0,2135667,0
davalvi01,6390,1458,0.279313,1.89474,1115,0.95215,0,0,0,1,0,1,0,0,0,0
davisch01,6750,2436,0.274415,18.4211,1186,0.9154,0,0,0,3,0,0,0,0,2374778,0
daviscu01,4390,449,0.202952,0.733333,429,0.973187,158,131,1.34049,2,0,0,0,0,0,0
daviser01,6350,1626,0.268746,15.6667,1432,0.983879,0,0,0,2,0,3,2,0,2128379,0
davisge01,7057,2368,0.294541,3.65,2359,0.912888,0,1,1.3333,0,0,0,0,0,0,1
davisha01,7921,1755,0.276717,3,1742,0.893829,0,0,0,0,0,0,0,0,0,0
davisma01,6225,625,0.155689,0.0555556,624,0.860389,51,84,1.80013,2,1,0,0,0,1317222,0
davissp01,6337,1458,0.308343,4.27778,1289,0.971395,0,0,0,0,0,0,0,0,0,0
davisto02,6220,1999,0.293645,6.65217,1445,0.960336,0,0,0,3,0,0,0,0,0,0
dawsoan01,7323,2627,0.27944,20.8571,2323,0.973,0,0,0,8,0,8,4,1,2146278,1
deandi01,6209,325,0.224547,0.666667,317,0.806717,150,83,2.02249,4,0,0,0,1,0,1
decindo01,5138,1649,0.259081,14.8125,1627,0.902762,0,0,0,1,0,0,1,0,1116667,0
delahed01,5511,1835,0.345903,6.3125,1857,0.908976,0,0,0,0,0,0,0,0,0,1
delgaca01,5700,2035,0.27983,27.8235,1827,0.991874,0,0,0,2,0,0,3,0,9753267,0
dempsri01,8405,1766,0.23295,3.84,1662,0.83015,0,0,0,0,0,0,0,1,390571,0
dennyje01,4817,1237,0.260008,4.93333,1244,0.872294,0,0,0.25,0,0,0,0,0,0,0
dennyjo01,4358,326,0.170175,0,325,0.888786,123,108,1.50201,0,1,0,0,0,1096333,0
dentbu01,4120,1392,0.246897,3.07692,1388,0.918638,0,0,0,3,0,0,0,1,0,0
derripa01,5278,579,0.174603,0.125,579,0.9702,223,212,1.95455,6,0,0,0,0,0,0
deshaji01,4009,258,0.0884719,0,257,0.809746,84,95,1.72515,0,0,0,0,0,659375,0
dickebi01,6598,1789,0.31254,11.8824,1708,0.988288,0,0,0,11,0,0,0,0,0,1
dierkla01,4757,357,0.135615,0.285714,356,0.887371,139,123,2.04612,2,0,0,0,0,0,0
dimagdo01,4771,1399,0.297872,7.90909,1373,0.97799,0,0,0,7,0,0,0,0,0,0
dimagjo01,5628,1736,0.324586,27.7692,1722,0.980629,0,0,0,13,0,0,0,3,0,1
dinnebi01,4143,417,0.191601,0.0769231,401,0.807006,170,177,1.35187,0,0,0,0,0,0,0
disarga01,3880,1086,0.258013,2.33333,1081,0.906133,0,0,0,1,0,0,0,0,1417727,0
doakbi01,6098,453,0.127072,0.0588235,453,0.878429,169,157,1.04464,0,0,0,0,0,0,0
dobsopa01,3764,414,0.123028,0,414,0.958417,122,129,1.87285,1,0,0,0,0,0,0
dobyla01,4404,1533,0.283283,18.0714,1448,0.980694,0,0,0,7,0,0,0,0,0,1
doerrbo01,5253,1865,0.287889,15.9286,1852,0.979664,0,0,0,9,0,0,0,0,0,1
donlimi01,5552,1049,0.332641,3.64286,970,0.8838,0,1,0.2143,0,0,0,0,0,0,0
donovbi01,7437,459,0.19278,0.388889,444,0.801586,186,139,1.3999,0,0,0,0,0,0,0
dooinre01,5181,1290,0.24001,0.625,1219,0.877559,0,0,0,0,0,0,0,0,0,0
downial01,5838,409,0.126918,0.111111,405,0.899439,123,107,1.57104,1,0,0,0,0,0,0
downibr01,7066,2344,0.267286,13.75,1460,0.98366,0,0,0,1,0,0,0,0,980952,0
doyleja01,5798,1564,0.299056,1.2381,1582,0.858441,0,0,0,0,0,0,0,0,0,0
doylela01,4821,1766,0.289906,4.93333,1728,0.950647,0,0,0,0,0,0,0,1,0,0
drabedo01,4501,412,0.166201,0.153846,398,0.9576,155,134,2.28648,1,1,0,0,0,2393705,0
dropowa01,4411,1288,0.269884,9.5,1177,0.939033,0,0,0,1,0,0,0,0,0,0
drysddo01,4858,547,0.186484,2.07143,518,0.9395,209,166,2.86361,9,1,0,0,0,0,1
duffyhu01,6502,1737,0.324056,6.23529,1726,0.809929,0,0,0,0,0,0,0,0,0,1
duganjo01,5073,1447,0.280222,2.8,1407,0.862363,0,0,0,0,0,0,0,0,0,0
dunlafr01,4006,965,0.291646,2.92857,969,0.76848,0,0,0,0,0,0,0,0,0,0
dunnja01,2707,490,0.24476,0.1,477,0.893148,64,59,0.399922,0,0,0,0,0,0,0
dunstsh01,6382,1814,0.269445,7.14286,1657,0.918517,0,0,0,2,0,0,0,0,1441673,0
durhara01,4904,1975,0.277268,12,1844,0.921976,0,0,0,2,0,0,0,0,4800286,0
durocle01,7138,1637,0.246729,1.33333,1608,0.965387,0,0,0,3,0,0,0,0,0,1
dyeje01,4888,1763,0.274241,21.6667,1696,0.923671,0,0,0,2,0,1,1,1,5348143,0
dyered01,1739,129,0.22293,0.333333,78,0.728225,15,15,0.613067,0,0,0,0,0,0,0
dykesji01,7818,2282,0.280388,4.90909,2276,0.883304,0,0,0,2,0,0,0,0,0,0
dykstle01,4033,1278,0.284712,6.23077,1221,0.988123,0,0,0,3,0,0,1,0,2809615,0
earnsge01,3037,319,0.230114,0.272727,319,0.929591,127,93,1.2115,0,0,0,0,0,0,0
eckerde01,8568,1073,0.132597,0.12,1071,0.956368,197,171,5.37376,6,1,0,0,2,1810185,1
eckstda01,3470,1311,0.2805,3.18182,1256,0.981108,0,0,0,2,0,0,0,1,1965500,0
edmonji01,6221,2011,0.284194,20.6842,1924,0.957348,0,0,0,4,0,8,1,0,5083700,0
edwarha01,4399,735,0.279781,3.64286,560,0.981615,0,0,0,0,0,0,0,0,0,0
edwarjo01,4845,1470,0.241643,5.78571,1392,0.990714,0,0,0,3,0,2,0,0,0,0
ehmkeho01,5519,429,0.208127,0,427,0.95555,166,166,1.06046,0,0,0,0,0,0,0
eisenji01,6017,1422,0.290363,3.25,1136,0.987955,0,0,0,0,0,0,0,0,885579,0
elberki01,5960,1292,0.270774,0.666667,1265,0.914918,0,0,0,0,0,0,0,0,0,0
elliobo01,5128,1978,0.288615,10.625,1906,0.831913,0,0,0,7,0,0,0,1,0,0
ellioju01,4067,253,0.163462,0.363636,252,0.778909,63,74,0.793291,0,0,0,0,0,0,0
ellisdo01,4120,388,0.132924,0,345,0.960425,138,119,1.49751,1,0,0,0,0,0,0
ennisde01,4795,1903,0.284395,19.2,1841,0.962906,0,0,0,3,0,0,0,0,0,0
ensje01,1144,67,0.290323,0.25,50,0.961213,0,0,0,0,0,0,0,0,0,0
erskica01,3976,360,0.156463,0.0833333,335,0.949475,122,78,1.41913,1,0,0,0,0,0,0
erstada01,4860,1654,0.281707,8.85714,1514,0.996658,0,0,0,2,0,3,1,0,3786538,0
evansda01,7469,2687,0.247743,18.8182,2404,0.957395,0,0,0,2,0,0,0,0,735333,0
evansdw01,6959,2606,0.271899,19.25,2289,0.987714,0,0,0,3,0,8,2,0,1126822,0
eversjo01,9897,1784,0.270328,0.631579,1776,0.827138,0,0,0,0,0,0,0,1,0,1
ewingbu01,6104,1315,0.303002,3.94444,1345,0.825895,2,3,0.736117,0,0,0,0,0,0,1
faberre01,7096,670,0.133964,0.15,669,0.947045,254,213,1.14831,0,0,0,0,0,0,1
facero01,5965,853,0.159794,0,848,0.904459,104,95,2.57791,6,0,0,0,0,0,0
fairlro01,7319,2442,0.266286,9.34783,2255,0.98842,0,0,0,2,0,0,0,0,0,0
falkecy01,5188,332,0.151751,0.0714286,330,0.935257,130,123,1.60001,0,0,0,0,0,0,0
fellebo01,7378,570,0.150546,0.444444,570,0.959083,266,162,1.39305,8,0,0,0,0,0,1
fergujo01,4661,1013,0.239587,7.17647,974,0.916433,0,0,0,0,0,0,0,0,0,0
fernaal01,3577,266,0.174603,0.3,263,0.96005,107,87,2.20874,0,0,0,0,0,4079091,0
fernasi01,4946,307,0.181818,0.0625,307,0.963663,114,96,2.39285,2,0,0,0,0,1440500,0
fernato01,6610,2158,0.287701,4.94737,2076,0.976444,0,0,0,5,0,4,0,0,1337396,0
ferreri01,6722,1884,0.28069,1.33333,1806,0.984171,0,0,0,8,0,0,0,0,0,1
ferrewe01,4988,548,0.279762,2.23529,387,0.924167,193,128,0.836718,2,0,0,0,0,0,0
fieldce01,4803,1470,0.254605,21.2667,915,0.86694,0,0,0,3,0,0,2,0,3907167,0
fingero01,6211,945,0.172222,0.117647,944,0.908735,114,118,2.615,7,1,0,0,2,1065000,1
finlech01,5966,524,0.0566038,0,524,0.9122,200,173,1.99758,5,0,0,0,0,3853180,0
finlest01,6635,2583,0.27115,15.2,2488,0.941138,0,0,0,2,0,5,0,0,3586913,0
fisheed02,5203,690,0.121951,0,690,0.931972,85,70,1.86687,1,0,0,0,0,0,0
fiskca01,8678,2499,0.269073,15.6667,2298,0.927668,0,0,0,11,0,1,3,0,1045000,1
fitzsfr01,6547,513,0.2,0.7,513,0.979395,217,146,1.00477,0,0,0,0,0,0,0
flanami01,6232,529,0,0,526,0.973663,167,143,1.61971,1,1,0,0,0,653932,0
fletcar01,4902,1533,0.276845,2.28571,1520,0.9286,0,0,0,0,0,0,0,0,0,0
flickel01,4451,1483,0.313025,3.42857,1471,0.948376,0,0,0,0,0,0,0,0,0,1
flintsi01,5189,760,0.235839,1.61538,817,0.819724,0,0,0,0,0,0,0,0,0,0
floodcu01,5341,1759,0.292748,5.66667,1703,0.820917,0,0,0,3,0,7,0,0,0,0
floydcl01,5751,1621,0.27806,12.2632,1368,0.963695,0,0,0,1,0,0,0,0,3125718,0
fonsele01,4534,937,0.315805,2.38462,884,0.900448,0,0,0,0,0,0,0,0,0,0
fordwh01,6168,500,0.173021,0.1875,498,0.961712,236,106,1.94521,10,1,0,0,1,0,1
forscbo01,5559,509,0.212766,0.705882,498,0.9722,168,136,1.43153,0,0,0,2,0,647114,0
forscke01,5737,521,0.13577,0,521,0.938825,114,113,1.90003,2,0,0,0,0,366667,0
fosteed02,4861,1500,0.263624,0.428571,1455,0.931155,0,0,0,0,0,0,0,0,0,0
fostege01,6205,1977,0.274099,17.4,1882,0.896364,0,0,0,5,0,0,1,2,1600952,0
foxne01,6622,2367,0.288453,1.84211,2303,0.984971,0,0,0,15,0,3,0,1,0,1
foxxji01,7450,2317,0.325301,25.4286,2200,0.892522,1,0,0.35715,9,0,0,0,3,0,1
francjo01,7738,1119,0.0882353,0,1119,0.924457,90,87,2.00701,4,0,0,0,0,2260119,0
francju02,1840,404,0.235944,6.85714,284,0.9086,0,0,0,0,0,0,0,0,447563,0
frasech01,4761,458,0.178571,0.2,452,0.856554,175,212,0.864573,0,0,0,0,0,0,0
freehbi01,5486,1774,0.261979,13.3333,1740,0.923464,0,0,0,11,0,5,0,0,0,0
fregoji01,6103,1902,0.264602,7.55,1778,0.881714,0,0,0,6,0,1,0,0,0,0
friscfr01,6624,2311,0.316067,5.52632,2296,0.955164,0,0,0,3,0,0,0,1,0,1
frymatr01,4467,1698,0.274032,17.1538,1699,0.968219,0,0,0,5,0,1,1,0,3626923,0
frymawo01,6313,625,0.137931,0.1,625,0.98716,141,155,1.75664,2,0,0,0,0,0,0
furilca01,5135,1806,0.299467,12.8,1739,0.977287,0,0,0,2,0,0,0,0,0,0
gaettga01,6779,2507,0.25472,16.3636,2453,0.848976,0,0,0.333333,2,0,4,1,1,1407877,0
gagliph01,4186,702,0.238129,1.07692,397,0.888875,0,0,0,0,0,0,0,0,0,0
gagneer01,3306,402,0.139535,0.0909091,402,0.904955,33,26,3.8383,3,1,0,0,0,5008750,0
galanau01,5619,1742,0.287351,5.55556,1580,0.913469,0,0,0,3,0,0,0,0,0,0
galaran01,6981,2257,0.288167,19.95,2107,0.944305,0,0,0,5,0,2,2,0,3281127,0
galvipu01,6282,731,0.200873,0.294118,764,0.780357,364,310,2.87248,0,0,0,0,0,0,1
gamblos01,5825,1584,0.265438,11.1111,819,0.923861,0,0,0,0,0,0,0,0,0,0
gantro01,5740,1832,0.256009,17.8333,1681,0.971335,0,0,0,2,0,0,1,0,2793375,0
garcino01,4782,1434,0.312746,15.2667,1360,0.971295,0,0,0,6,0,0,1,0,5604814,0
garneph01,5501,1860,0.259778,6.05556,1856,0.9382,0,0,0,3,0,0,0,0,542500,0
garvene01,4785,458,0.217654,0.466667,403,0.970456,129,157,1.00787,1,0,0,0,0,0,0
garvest01,6473,2332,0.294171,14.3158,2261,0.933333,0,0,0,10,0,4,0,5,1225000,0
gehrich01,6579,2323,0.320429,9.68421,2221,0.979371,0,0,0,6,0,0,0,1,0,1
gehrilo01,5798,2164,0.340082,29,2147,0.9248,0,0,0,7,0,0,0,2,0,1
gelbech01,4183,876,0.266992,1.54545,851,0.918068,0,0,0.3333,0,0,0,0,0,0,0
geronce01,5247,1522,0.258466,3.4,1376,0.98454,0,0,0,0,0,4,0,0,0,0
gibsobo01,5985,596,0.206325,1.41176,528,0.947094,251,174,2.36309,9,2,9,0,3,0,1
gibsoki01,5815,1635,0.267851,15,1239,0.923771,0,0,0,0,0,0,1,2,1388182,0
gilesbr02,5024,1847,0.290639,17.9375,1766,0.9825,0,0,0,2,0,0,0,0,5401578,0
giustda01,5646,686,0.186893,0.25,668,0.960081,100,93,1.81196,1,0,0,0,0,0,0
gladdfr01,4354,450,0.015873,0,450,0.916431,48,34,1.71568,0,0,0,0,0,0,0
glassja01,5917,1736,0.290185,1.35,1740,0.839309,0,0,0.25,0,0,0,0,0,0,0
glaustr01,4445,1537,0.254159,24.6154,1475,0.96644,0,0,0,4,0,0,2,1,6072269,0
glavito02,7668,709,0.185941,0.0454545,682,0.975659,305,203,1.71595,10,2,0,4,1,5636491,1
gleaski01,8894,1966,0.26087,0.652174,1969,0.893084,138,131,0.791656,0,0,0,0,0,0,0
goltzda01,3991,356,0.106383,0,353,0.9624,113,109,1.54782,0,0,0,0,0,500000,0
gomezle01,4779,368,0.147124,0,368,0.945486,189,102,1.18752,7,0,0,0,0,0,1
gonzaju03,5751,1689,0.295302,25.5294,1311,0.983712,0,0,0,3,0,0,6,2,5802500,0
gonzalu01,6599,2591,0.282953,17.7,2450,0.987939,0,0,0,5,0,0,1,0,3632959,0
gonzami01,7284,1042,0.253446,0.722222,934,0.94637,0,0,0,0,0,0,0,0,0,0
goodedw01,6019,434,0.195682,0.444444,430,0.941383,194,112,2.21106,4,1,0,1,0,2399667,0
gordojo01,4548,1566,0.268092,23,1551,0.973069,0,0,0,9,0,0,0,1,0,1
gordoto01,7542,893,0,0,890,0.948064,138,126,2.27002,3,0,0,0,0,2662762,0
gosgeji01,4159,705,0.226446,2.5,580,0.97745,0,0,0,0,0,0,0,0,0,0
gosligo01,6218,2287,0.315966,13.0526,2190,0.962429,0,0,0,1,0,0,0,0,0,1
gossari01,8149,1003,0.105882,0,1002,0.935687,124,107,2.17417,9,0,0,0,0,865504,1
gowdyha01,7290,1050,0.269835,1.10526,944,0.980871,0,0,0,0,0,0,0,0,0,0
gracema01,5627,2245,0.303162,10.8125,2163,0.935771,0,0,0,3,0,4,0,0,3060167,0
granted01,3715,990,0.249335,0.454545,903,0.932219,0,0,0,0,0,0,0,0,0,0
grantge01,4327,1444,0.302265,8.07692,1383,0.92885,0,0,0,0,0,0,0,0,0,0
grantmu01,4913,667,0.177866,0.333333,571,0.970861,145,119,1.68137,2,0,0,0,0,0,0
greenha01,6213,1394,0.313499,25.4615,1377,0.982258,0,0,0,5,0,0,0,2,0,1
greenmi01,4041,1269,0.302834,10.8333,1165,0.9667,0,0,0,2,0,0,1,0,2174000,0
greensh01,5114,1951,0.28283,20.5,1875,0.987848,0,0,0,2,0,1,1,0,6707738,0
grichbo01,5939,2008,0.266038,13.1765,2044,0.954178,0,0,0,6,0,4,1,0,600000,0
griffcl01,8579,485,0.232609,0.363636,478,0.696956,237,146,1.21046,0,0,0,0,0,0,1
griffke01,6488,2097,0.296445,6.90909,1875,0.98247,0,0,0,3,0,0,0,1,767500,0
griffke02,7728,2671,0.283747,27.3913,2384,0.944996,0,0,0,13,0,10,7,2,6895622,1
grimebu01,6584,632,0.247557,0.0869565,616,0.917126,270,212,1.07812,0,0,0,0,0,0,1
grimmch01,7360,2166,0.290388,3.95,2141,0.986886,0,0,0,0,0,0,0,0,0,0
grimsro02,4149,346,0.127479,0,345,0.96755,124,99,1.25706,1,0,0,0,0,0,0
grissma01,4657,356,0.121693,0,356,0.977291,47,45,1.31468,1,0,0,0,0,0,0
grissma02,5822,2165,0.272024,13.3529,2088,0.985518,0,0,0,2,0,4,0,1,3246656,0
groatdi01,5583,1929,0.285676,2.6,1906,0.917168,0,0,0,8,0,0,0,1,0,0
grohhe01,5651,1676,0.292065,1.52941,1644,0.959464,0,0,0,0,0,0,0,0,0,0
gromest01,5820,470,0.196825,0,447,0.857933,123,108,1.38276,1,0,0,0,0,0,0
grossgr01,5866,1809,0.286515,0.411765,1280,0.914933,0,0,1.5,0,0,0,0,0,366250,0
groteje01,6587,1421,0.251671,2.16667,1378,0.980969,0,0,0,2,0,0,0,0,0,0
grovele01,6011,619,0.147553,0.882353,616,0.949041,300,141,1.93535,6,0,0,0,1,0,1
groveor01,3256,207,0.128686,0.1,207,0.8648,63,73,0.78842,1,0,0,0,0,0,0
grudzma01,5518,1802,0.28928,5.625,1792,0.978605,0,0,0,1,0,1,0,0,2454267,0
guarded01,5953,909,0,0,908,0.816163,46,61,2.72262,2,0,0,0,0,1719500,0
guerrpe01,5126,1536,0.300074,13.4375,1499,0.969903,0,0,0,5,0,0,1,1,1813125,0
guerrvl01,5487,2147,0.317597,28.0625,1608,0.966393,0,0,0,9,0,0,8,1,8369430,0
guidrro01,4811,380,0,0,370,0.80125,170,91,2.80769,4,1,5,0,0,887500,0
guillca01,4760,1305,0.284828,8.85714,1248,0.969429,0,0,0,3,0,0,0,0,5308633,0
guilloz01,5654,1993,0.263835,1.64706,1928,0.944704,0,0,0,3,0,1,0,0,1468281,0
gullibi01,5429,398,0.140625,0.2,398,0.905173,162,136,2.00579,0,0,0,0,0,1436944,0
gurala01,5567,405,0.0909091,0,403,0.931506,126,97,1.62396,1,0,0,0,0,0,0
gustifr01,3899,1261,0.26495,3.16667,1239,0.886448,0,0,0,3,0,0,0,0,0,0
gwynnto01,7020,2440,0.338178,6.75,2326,0.988635,0,0,0,15,0,5,7,0,2778284,1
haasmu01,4765,1168,0.292122,3.58333,1067,0.969973,0,0,0,0,0,0,0,0,0,0
hackst01,5643,1938,0.301319,3.5625,1883,0.965287,0,0,0,5,0,0,0,0,0,0
haddiha01,4756,531,0.211779,0.266667,454,0.888881,136,113,2.63738,3,0,3,0,0,0,0
hafeych01,4781,1283,0.316973,12.6154,1195,0.9636,0,0,0,1,0,0,0,0,0,1
hahnno01,2606,244,0.176471,0.25,245,0.81314,130,94,2.46899,0,0,0,0,0,0,0
haineje01,6992,560,0.185943,0.157895,556,0.97211,210,158,1.15527,0,0,0,0,0,0,1
hallabi01,4899,328,0.16158,0.153846,324,0.913023,102,94,0.981623,1,0,0,0,0,0,0
hamilbi01,4794,1591,0.344288,2.85714,1584,0.927393,0,0,0,0,0,0,0,0,0,1
hamptmi01,6378,448,0.245517,1,419,0.876544,148,115,1.60101,2,0,1,5,1,7326486,0
handsbi01,3720,374,0.0783898,0,374,0.953708,111,110,2.18152,0,0,0,0,0,0,0
hanlone01,4520,1267,0.259559,2.30769,1271,0.779179,0,0,0,0,0,0,0,0,0,1
hardeme01,7075,584,0.16542,0.2,582,0.939295,223,186,0.978165,4,0,0,0,0,0,0
hargrbu01,6197,852,0.310304,2.41667,747,0.982733,0,0,0,0,0,0,0,0,0,0
hargrmi01,4200,1666,0.290079,6.15385,1545,0.989362,0,0,0,1,0,0,0,0,458333,0
harpeto01,5287,1810,0.25666,9.125,1618,0.873635,0,0,0,1,0,0,0,0,0,0
harrato01,6238,2155,0.263983,11.4706,2157,0.767585,0,0,0,4,0,0,0,0,675000,0
harrebu01,5512,1533,0.236088,0.4375,1480,0.916038,0,0,0,2,0,1,0,0,0,0
harribu01,4306,1263,0.27386,0.75,1257,0.823844,0,0,0,0,0,0,0,0,0,1
harrile01,6234,1903,0.268858,1.6087,1229,0.872986,0,0,0,0,0,0,0,0,662837,0
hartnga01,7105,1990,0.297264,11.8,1826,0.985343,0,0,0,6,0,0,0,1,0,1
hattogr01,5282,1312,0.253923,5.6875,1175,0.797759,0,0,0,1,0,0,0,0,0,0
hearnji01,4411,403,0.140511,0.642857,396,0.934771,109,89,1.04393,1,0,0,0,0,0,0
hebneri01,6219,1908,0.275716,10.6842,1711,0.850176,0,0,0,0,0,0,0,0,205000,0
heganji01,6873,1666,0.227787,4.84211,1629,0.987542,0,0,0,5,0,0,0,0,0,0
heilmha01,6590,2148,0.341595,10.7647,2059,0.937078,0,0,0,0,0,0,0,0,0,1
helmsto01,4756,1435,0.268561,2.26667,1346,0.832488,0,0,0,2,0,2,0,0,0,0
hemusso01,3700,961,0.2732,4.25,763,0.93079,0,0,0,0,0,0,0,0,0,0
hendeda01,4859,1538,0.25809,12.3125,1389,0.923888,0,0,0,1,0,0,0,0,1127200,0
henderi01,8853,3081,0.278715,10.2414,2826,0.977114,0,0,0,10,0,1,3,2,2310833,1
hendrge01,6330,2048,0.277739,13.35,1934,0.985484,0,0,0,4,0,0,2,0,913750,0
henketo01,4768,642,0,0,642,0.977043,41,42,3.41226,2,0,0,0,0,1669558,0
hennemi01,3427,561,0,0,561,0.9487,57,42,2.29966,1,0,0,0,0,1501335,0
henrito01,4891,1284,0.281773,16.6364,1206,0.985911,0,0,0,5,0,0,0,0,0,0
hentgpa01,4705,344,0.107143,0,344,0.967043,131,112,1.56039,3,1,0,0,0,2702741,0
hermaba01,7095,1552,0.324469,12.9286,1421,0.921224,0,0,0,0,0,0,0,0,0,0
hermabi01,5816,1922,0.304269,2.76471,1911,0.966657,0,0,0,10,0,0,0,0,0,1
hernake01,5807,2088,0.296065,9,2021,0.9936,0,0,0,5,0,11,2,1,1700000,0
hernaro01,5867,1010,0.5,0,1010,0.869775,67,71,2.08997,2,0,0,0,0,2732211,0
hernawi01,4514,747,0.206349,0,744,0.978014,70,63,2.43866,3,1,0,0,1,1040000,0
hershor01,6143,520,0.201235,0,510,0.955539,204,150,2.02923,3,1,1,1,3,2348875,0
herzobu01,4528,1493,0.259273,1.25,1471,0.899824,0,0,0,0,0,0,0,0,0,0
herzowh01,2720,634,0.256506,2.77778,487,0.971993,0,0,0,0,0,0,0,0,0,1
hickmji02,4474,1421,0.252139,12.2308,1258,0.904458,0,0,0,1,0,0,0,0,0,0
higgibo02,3662,1362,0.272098,17,1273,0.978745,0,0,0,0,0,0,0,0,4732182,0
higgipi01,5940,1802,0.292495,9.33333,1771,0.888376,0,0,0,3,0,0,0,0,0,0
hillejo01,5377,546,0.108911,0,545,0.8266,87,76,2.18105,1,0,0,0,0,0,0
hinchbi01,5416,908,0.260598,2,875,0.890795,0,0,0,0,0,0,0,0,0,0
hislela01,5139,1197,0.272533,11.8571,1017,0.980182,0,0,0,2,0,0,0,0,0,0
hodgegi01,7154,2071,0.273257,20.5556,2084,0.93646,0,0,0,8,0,3,0,0,0,0
hoernjo01,5061,493,0.101695,0.0625,493,0.739856,39,34,2.10031,1,0,0,0,0,0,0
hoffmtr01,6385,1035,0.117647,0,1035,0.972221,61,75,3.92372,7,0,0,0,0,4461611,0
holmeto01,3820,1320,0.301883,8,1231,0.991118,0,0,0,2,0,0,0,0,0,0
holtzke01,5128,456,0.163097,0.117647,451,0.964206,174,150,1.54276,2,0,0,0,0,0,0
honeyri01,7191,801,0.131868,0,797,0.860379,109,143,1.73123,2,0,0,0,0,784231,0
hoopeha01,6015,2309,0.280706,4.41176,2285,0.912339,0,0,0,0,0,0,0,0,0,1
hootobu01,5195,481,0.122995,0.25,480,0.963369,151,136,1.8378,1,0,0,0,1,627500,0
hornebo01,3655,1020,0.277204,21.8,1014,0.964707,0,0,0,1,0,0,0,0,1416667,0
hornsro01,7984,2259,0.358498,12.5417,2164,0.95393,0,0,0,0,0,0,0,2,0,1
hortowi01,6235,2028,0.273089,15.4762,1191,0.933306,0,0,0,4,0,0,0,0,0,0
houghch01,8749,858,0.146018,0.0384615,858,0.97105,216,216,1.41766,1,0,0,0,0,839074,0
houttar01,4529,330,0.192982,0.142857,325,0.901979,87,91,1.09959,1,0,0,0,0,0,0
howarel01,4917,1605,0.274287,11.1333,1488,0.957121,0,0,0,12,0,2,0,1,0,0
howarfr01,5499,1895,0.273428,22.4706,1769,0.974715,0,0,0,4,0,0,0,0,0,0
howear01,3936,891,0.259711,3.90909,840,0.980131,0,0,0,0,0,0,0,0,0,0
howelro02,3673,1112,0.261409,6.66667,870,0.905863,0,0,0,1,0,0,0,0,0,0
hoytwa01,7235,674,0.198135,0,674,0.9316,237,182,1.26049,0,0,0,0,0,0,1
hraboal01,4446,546,0.142857,0,545,0.786946,64,35,1.68369,0,0,0,0,0,0,0
hrbekke01,4734,1747,0.282461,20.9286,1610,0.995147,0,0,0,1,0,0,0,0,1990000,0
hubbeca01,5507,535,0.190994,0.25,535,0.965131,253,154,2.3382,9,0,0,0,2,0,1
huggimi01,4534,1586,0.265203,0.692308,1545,0.956136,0,0,0,0,0,0,0,0,0,1
hundlra01,4746,1061,0.2362,5.85714,1026,0.913079,0,0,0,1,0,1,0,0,0,0
hunteca01,5240,515,0.226444,0.4,501,0.898956,224,166,2.04454,8,1,0,0,0,0,1
huntro01,4183,1483,0.27297,3,1420,0.924842,0,0,0,2,0,0,0,0,0,0
hurstbr01,5180,380,0.113139,0,379,0.976788,145,113,2.02986,1,0,0,0,0,1516111,0
hutchfr01,5262,354,0.263077,0.363636,243,0.975555,95,71,1.33363,1,0,0,0,0,0,0
irvinmo01,2641,764,0.292517,12.375,696,0.918007,0,0,0,1,0,0,0,0,0,1
irwinch01,3316,989,0.266649,1.45455,986,0.918421,0,0,0,0,0,0,0,0,0,0
jacksda02,5079,355,0.126168,0,353,0.923124,112,131,1.4902,2,0,0,0,0,1887308,0
jacksgr01,6214,718,0.135593,0.0952381,692,0.887462,86,75,1.65852,1,0,0,0,0,0,0
jacksjo01,4416,1332,0.355752,3.85714,1319,0.951067,0,0,0,0,0,0,0,0,0,0
jacksmi02,6593,1005,0.178571,0,1005,0.967259,62,67,2.33343,0,0,0,0,0,1209167,0
jacksre01,7422,2820,0.261963,26.8095,2102,0.962929,0,0,0,14,0,0,2,3,895613,1
jacksso01,3938,936,0.251064,0.583333,849,0.8919,0,0,0,0,0,0,0,0,0,0
jackstr01,5111,1656,0.290503,9,1635,0.955468,0,0,0,1,0,0,0,0,0,1
jeffegr01,4649,1465,0.288587,8.4,1372,0.914411,0,0,0,2,0,0,0,0,2802125,0
jenkife01,6590,665,0.165179,0.65,664,0.91115,284,226,3.31028,3,1,0,0,0,0,1
jennihu01,9954,1285,0.311378,0.9,1277,0.88067,0,0,0,0,0,0,0,0,0,1
jenseja01,4184,1438,0.279412,16.5833,1391,0.976217,0,0,0,3,0,1,0,1,0,0
johnsal01,4451,1322,0.287908,5.57143,1000,0.891936,0,0,0,1,0,0,0,0,0,0
johnsbo01,4547,1863,0.296387,22.1538,1856,0.87605,0,0,0,8,0,0,0,0,0,0
johnsch04,4054,1188,0.245047,11.9286,1160,0.991064,0,0,0,2,0,4,0,0,3475682,0
johnsda02,4917,1435,0.260996,9.71429,1403,0.960792,0,0,0,4,0,3,0,0,0,0
johnsde01,5729,1765,0.243562,11.6667,1461,0.958344,0,0,0,0,0,0,0,0,0,0
johnsho01,4918,1531,0.248785,16.2857,1534,0.891979,0,0,0,2,0,0,2,0,1061042,0
johnsra05,7689,619,0.1248,0.0416667,619,0.831876,303,166,3.6265,10,5,0,0,1,8359525,1
johnswa01,7364,933,0.23537,1.14286,815,0.932877,417,279,2.74597,0,0,0,0,2,0,1
johnto01,9393,761,0.156667,0.178571,760,0.966221,288,231,1.77111,4,0,0,0,0,365000,0
jonescl01,4613,1213,0.280554,7.15385,1146,0.984933,0,0,0,1,0,0,0,0,0,0
jonesdo01,6748,846,0.142857,0,846,0.929433,69,79,3.81455,5,0,0,0,0,1068375,0
jonesfi01,7074,1788,0.284571,1.4,1772,0.935133,0,0,0,0,0,0,0,0,0,0
jonesja05,67,40,0.214953,3,30,0.9889,0,0,0,0,0,0,0,0,4033333,0
jonesra01,3370,319,0.131886,0,305,0.97052,100,123,1.45104,2,1,0,0,0,0,0
jonessa01,7777,713,0.197104,0.272727,649,0.920058,229,217,0.834641,0,0,0,0,0,0,0
jonesto02,5518,982,0.210526,0,982,0.9541,58,63,2.0675,1,0,0,0,0,2330163,0
jordabr01,5288,1456,0.281783,12.2667,1362,0.991289,0,0,0,1,0,0,0,0,3463156,0
jordati01,3187,540,0.261445,4.57143,518,0.95865,0,0,0,0,0,0,0,0,0,0
jorgemi01,6235,1633,0.243496,4.75,1335,0.962933,0,0,0,0,0,1,0,0,200000,0
jossad01,2998,296,0.144431,0.111111,295,0.978487,160,97,2.70296,0,0,0,0,0,0,1
joynewa01,5546,2033,0.289042,12.75,1913,0.994369,0,0,0,1,0,0,0,0,2491361,0
judgejo01,6809,2171,0.297797,3.38095,2086,0.993673,0,0,0,0,0,0,0,0,0,0
jurgebi01,5972,1816,0.257956,2.52941,1775,0.931858,0,0,0,3,0,0,0,0,0,0
justida01,4876,1610,0.279289,20.3333,1210,0.981138,0,0,0,3,0,0,2,1,4910500,0
kaatji01,8734,1004,0.185452,0.571429,898,0.944386,283,237,2.08659,3,0,16,0,0,0,0
kalinal01,7769,2834,0.297252,18.1364,2625,0.989303,0,0,0,18,0,10,0,0,0,1
kammwi01,4417,1693,0.280807,2.07143,1674,0.958664,0,0,0,0,0,0,0,0,0,0
karroer01,4707,1755,0.26766,20.2857,1698,0.993136,0,0,0,0,0,0,1,0,3837231,0
keefeti01,4757,618,0.18723,0.8,625,0.778544,342,225,2.06806,0,0,0,0,0,0,1
keelewi01,6548,2123,0.341287,1.65,2104,0.922068,0,0,0,0,0,0,0,0,0,1
kellech01,4894,1170,0.28628,14.5385,1019,0.907208,0,0,0,5,0,0,0,0,0,0
kellejo01,6277,1853,0.316871,3.42105,1844,0.938315,0,0,0,0,0,0,0,0,0,1
kellge01,5100,1795,0.306476,4.10526,1788,0.945476,0,0,0,10,0,0,0,0,0,1
kellyge01,6188,1622,0.296679,8.22222,1588,0.892882,1,0,2,0,0,0,0,0,0,1
kellyki01,5603,1455,0.307601,3.83333,1610,0.749836,2,2,0.357143,0,0,0,0,0,0,1
keltnke01,4618,1526,0.276263,12.5385,1501,0.969221,0,0,0,7,0,0,0,0,0,0
kendaja01,5264,2085,0.287793,4.6875,2054,0.985411,0,0,0,3,0,0,0,0,5214398,0
kennejo03,4302,856,0.225118,2.46154,825,0.948736,0,0,0,0,0,0,0,0,0,0
kennete02,4780,1491,0.263708,8.07143,1431,0.988205,0,0,0,4,0,0,1,0,770000,0
kentje01,6012,2298,0.289598,19.8421,2311,0.97675,0,0,0,5,0,0,4,1,5073566,0
kerrdi01,2354,143,0.218182,0,140,0.947175,53,34,0.822475,0,0,0,0,0,0,0
kessido01,5440,2078,0.252385,0.823529,2062,0.959533,0,0,0,6,0,2,0,0,0,0
keyji01,5280,471,0,0,470,0.970427,186,117,2.46845,4,0,0,0,0,2445479,0
kileda01,4089,364,0.13242,0.166667,359,0.926658,133,119,1.87412,3,0,0,0,0,3368731,0
killebi01,4401,1035,0.238413,0.307692,1007,0.973873,0,0,0,0,0,0,0,0,0,0
killeha01,7765,2435,0.256045,26.0455,2241,0.916172,0,0,0,13,0,0,0,1,0,1
kilroma01,4505,330,0.222222,0.1,342,0.73744,141,133,0.96961,0,0,0,0,0,0,0
kindeel01,4026,484,0.141892,0.0769231,484,0.8958,102,71,1.37068,0,0,0,0,0,0,0
kinerra01,3449,1472,0.27877,33.5455,1440,0.975825,0,0,0,6,0,0,0,0,0,1
kingmda01,5546,1941,0.235884,23.2632,1407,0.932617,0,0,0.6667,3,0,0,0,0,908750,0
kisonbr01,5207,388,0.163366,0.2,380,0.95758,115,88,1.64607,0,0,0,0,0,370000,0
kleinch01,5795,1753,0.320074,15.7895,1601,0.862632,0,0,0,2,0,0,0,1,0,1
kleskry01,5491,1736,0.278738,17.375,1635,0.948289,0,0,0,1,0,0,0,0,4011700,0
klingjo01,4758,1260,0.271398,1.42857,1206,0.913581,0,0,0,0,0,0,0,0,0,0
kluszte01,5280,1718,0.297858,17.4375,1481,0.993762,0,0,0,4,0,0,0,0,0,0
knabeot01,4010,1278,0.246811,0.666667,1252,0.7945,0,0,0,0,0,0,0,0,0,0
kneppbo01,5035,449,0.136905,0.375,445,0.955856,146,155,1.68827,2,0,0,0,0,783600,0
knighra01,5136,1495,0.271485,6,1397,0.91177,0,0,0,2,0,0,0,1,582500,0
knoblch01,4189,1632,0.288878,8.16667,1577,0.874242,0,0,0,4,0,1,2,0,3842500,0
knowlda01,5479,766,0.12,0,765,0.871276,66,74,1.47705,1,0,0,0,0,0,0
koosmje01,6704,612,0.119126,0.1,612,0.951315,222,209,2.11213,2,0,0,0,0,600000,0
koscoan01,3273,658,0.236373,6.63636,542,0.927855,0,0,0,0,0,0,0,0,0,0
koufasa01,4118,397,0.0966495,0.166667,397,0.945492,165,87,2.93069,7,3,0,0,3,0,1
kraneed01,6217,1853,0.260854,6.55556,1554,0.959747,0,0,0,1,0,0,0,0,0,0
krausle02,4847,334,0.132768,0.5,321,0.94775,68,91,1.43682,0,0,0,0,0,0,0
kremera01,3361,309,0.177584,0.5,308,0.96912,143,85,0.98431,0,0,0,0,0,0,0
kressre01,6871,1391,0.285827,5.23529,1354,0.929032,0,0,1,0,0,0,0,0,0,0
krukjo01,3401,1200,0.300231,9.09091,1109,0.984156,0,0,0,3,0,0,0,0,1095000,0
krukomi01,4654,371,0.192521,0.357143,369,0.886657,124,117,1.85389,1,0,0,0,0,759600,0
kuennha01,5139,1833,0.302618,5.11765,1747,0.863377,0,0,0,10,0,0,0,0,0,0
kuheljo01,6128,2104,0.277054,6.89474,2057,0.991678,0,0,0,0,0,0,0,0,0,0
kuzavbo01,4026,214,0.0859375,0.0666667,213,0.831407,49,44,1.03592,0,0,0,0,0,0,0
lajoina01,7318,2480,0.338096,3.77273,2441,0.954647,0,0,0,0,0,0,0,0,0,1
langebi01,2362,811,0.330203,5.57143,815,0.885844,0,0,0,0,0,0,0,0,0,0
langsma01,5648,459,0.152174,0,457,0.940094,179,158,1.90527,4,0,7,0,0,2387321,0
lanieha01,3391,1196,0.227653,0.8,1221,0.8942,0,0,0,0,0,0,0,0,0,0
lankfra01,5157,1701,0.27162,15.8667,1587,0.97922,0,0,0,1,0,0,0,0,3413929,0
lansfca01,5293,1862,0.289746,10.0667,1850,0.897435,0,0,0,1,0,0,1,0,1221875,0
larkiba01,6626,2180,0.294822,10.4211,2088,0.975175,0,0,0,12,0,3,9,1,4129868,1
larsedo01,5193,480,0.241611,0.823529,414,0.912989,81,91,1.22,0,0,0,0,1,0,0
larusto01,3619,132,0.198864,0,83,0.8847,0,0,0,0,0,0,0,0,0,1
lasorto01,703,27,0.0714286,0,26,0.641033,0,4,0.762967,0,0,0,0,0,0,1
lathaar01,10678,1627,0.26869,1.5,1632,0.727897,0,0,0,0,0,0,0,0,0,0
lavagco01,4912,1043,0.269307,4,945,0.90755,0,0,0,4,0,0,0,0,0,0
lawve01,6279,516,0.216308,0.6875,484,0.971012,162,147,2.00102,2,1,0,0,0,0,0
lazzeto01,4803,1740,0.292203,11.8667,1712,0.92845,0,0,0,1,0,0,0,0,0,1
leachfr01,3407,991,0.30726,7.2,900,0.9765,0,0,0,0,0,0,0,0,0,0
leachto01,7278,2156,0.269255,3.15,2112,0.884762,0,0,0,0,0,0,0,0,0,0
leebi03,4699,419,0.208122,0.142857,416,0.95735,119,90,1.86794,1,0,0,0,0,0,0
leede02,5266,1942,0.281385,19.4706,1901,0.994171,0,0,0,2,0,3,1,0,6534786,0
leevesa01,4505,389,0.18429,0.153846,389,0.966579,194,100,1.64826,0,0,0,0,0,0,0
leibrch01,5118,394,0.11985,0,394,0.963229,140,119,1.56951,0,0,0,0,0,1466111,0
leiteal01,6592,419,0.0849057,0,419,0.87419,162,132,1.6113,2,0,0,0,0,4005888,0
lemonbo01,6139,615,0.231615,2.46667,476,0.948653,207,128,0.966477,7,0,0,0,0,0,1
lemonch01,5503,1988,0.273005,13.4375,1932,0.871322,0,0,0,3,0,0,0,0,758809,0
leonade01,4406,313,0,0,312,0.864133,144,106,1.81597,0,0,0,0,0,877381,0
leonadu02,7330,640,0.167932,0,640,0.968,191,181,1.59432,5,0,0,0,0,0,0
leonaje01,4779,1415,0.266006,9,1166,0.95293,0,0,0,2,0,0,0,1,912500,0
lewisdu01,4069,1459,0.283685,3.45455,1434,0.812531,0,0,0,0,0,0,0,0,0,0
lindsfr01,4413,1438,0.311353,7.92308,1389,0.942257,0,0,0,0,0,0,0,0,0,1
linzyfr01,4037,516,0.14876,0.0833333,516,0.972467,62,57,1.28778,0,0,0,0,0,0,0
loberha01,5126,1317,0.274381,2.28571,1249,0.903423,0,0,0,0,0,0,0,0,0,0
lockebo01,3391,168,0.255102,0.1,165,0.97381,16,15,1.2915,0,0,0,0,0,0,0
lockmwh01,5468,1666,0.279125,6.70588,1550,0.944793,0,0,0,1,0,0,0,0,0,0
loducpa01,3751,1082,0.285714,6.15385,1068,0.985719,0,0,0,4,0,0,0,0,3355097,0
loftoke01,5859,2103,0.299015,6.5,2042,0.98565,0,0,0,6,0,4,0,0,3563602,0
lolicmi01,5978,592,0.109622,0,586,0.938788,217,191,2.44544,3,0,0,0,1,0,0
lombaer01,5999,1853,0.306063,11.1765,1544,0.977947,0,0,0,8,0,0,0,1,0,1
lonboji01,5161,426,0.136364,0.2,425,0.96342,157,137,1.79451,1,1,0,0,0,0,0
longhe01,5565,1874,0.27717,5.35294,1881,0.82389,0,0,0,0,0,0,0,0,0,0
lopated01,4163,357,0.210823,0.384615,340,0.967715,166,112,1.34587,1,0,0,0,0,0,0
lopesda01,5490,1812,0.262984,8.61111,1725,0.979889,0,0,0,4,0,1,0,0,510000,0
lopezal01,6928,1950,0.261494,2.55,1925,0.969208,0,0,0,2,0,0,0,0,0,1
lopezja01,5097,1503,0.287084,16.25,1352,0.992488,0,0,0,3,0,0,1,1,4379321,0
lowebo01,6378,1818,0.273075,3.73684,1817,0.909661,0,0,0,0,0,0,0,0,0,0
lowelmi01,4402,1601,0.278514,17.1538,1525,0.978413,0,0,0,4,0,1,1,1,6371333,0
lowenjo01,5358,1368,0.253452,7.25,1081,0.921478,0,0,0,0,0,0,0,0,0,0
lucasre01,5644,907,0.280751,0.1875,414,0.870562,157,135,1.33677,0,0,0,0,0,0,0
luquedo01,7646,559,0.227229,0.25,552,0.879677,194,179,1.14596,0,0,0,0,0,0,0
luzingr01,5129,1821,0.275942,20.4667,1256,0.954915,0,0,0,4,0,0,0,0,0,0
lylesp01,5564,899,0.192308,0,899,0.880961,99,76,1.84561,3,1,0,0,0,0,0
lynnfr01,5872,1969,0.283032,17,1825,0.990183,0,0,0,9,0,4,0,3,1233333,0
lyonste01,8357,705,0.232885,0.238095,595,0.918964,260,230,1.06691,1,0,0,0,0,0,1
mackco01,3640,723,0.244527,0.454545,728,0.936164,0,0,0,0,0,0,0,0,0,1
maddoga01,5108,1749,0.284631,7.3125,1687,0.985356,0,0,0,0,0,8,0,0,820333,0
maddugr01,8060,759,0.170962,0.2,744,0.967216,355,227,3.91263,8,4,18,0,0,7325952,1
madlobi01,5140,1806,0.304519,9.05556,1684,0.921743,0,0,0,3,0,0,0,1,889056,0
mageesh01,5568,2087,0.291493,4.88235,2053,0.940763,0,0,0,0,0,0,0,0,0,0
maglisa01,4770,304,0.134991,0.142857,303,0.903971,119,62,1.43496,2,0,0,0,0,0,0
malonji01,4073,321,0.200637,0.583333,303,0.964785,134,84,1.72034,1,0,0,0,0,0,0
mancugu01,6343,1460,0.265039,2.94444,1360,0.974833,0,0,0,2,0,0,0,0,0,0
mantlmi01,6374,2401,0.298075,29.7778,2290,0.921117,0,0,0,20,0,1,0,3,0,1
manushe01,5876,2008,0.329762,5.78947,1846,0.9819,0,0,0,1,0,0,0,0,0,1
maranra01,8419,2670,0.258484,1.21739,2670,0.960034,0,0,0,0,0,0,0,0,0,1
marbefi01,4687,551,0.191617,0.0666667,551,0.889233,148,88,1.11349,0,0,0,0,0,0,0
maricju01,5384,475,0.165438,0.25,471,0.9549,243,142,3.07951,10,0,0,0,1,0,1
marioma01,4829,1572,0.262986,2.76923,1549,0.971862,0,0,0,8,0,0,0,1,0,0
marisro01,4184,1463,0.259753,21.1538,1383,0.981562,0,0,0,7,0,1,0,2,0,0
marquru01,6202,536,0.178862,0.0526316,536,0.956153,201,177,1.85595,0,0,0,0,0,0,1
marshmi01,5238,725,0.195531,0.0588235,723,0.907294,97,112,1.64504,2,1,0,0,0,0,0
martibi02,4184,1021,0.256508,4.92308,983,0.83876,0,0,0,1,0,0,0,0,0,0
martide01,8048,695,0.142308,0,692,0.964496,245,193,1.88011,4,0,0,0,0,2083440,0
martied01,6231,2055,0.311521,17.1667,592,0.86355,0,0,0,7,0,0,5,0,3298625,0
martimo01,3649,250,0.169697,0,250,0.964838,38,34,1.12738,0,0,0,0,0,0,0
martipe01,6012,1189,0.298033,4.53846,1044,0.911271,0,0,0,4,0,0,0,0,0,0
martipe02,6215,477,0.0990783,0,477,0.854663,219,100,4.68863,8,3,0,0,1,9141224,1
martiti02,5522,2023,0.270707,21.1875,1869,0.995231,0,0,0,2,0,0,1,0,3703214,0
mathech01,5893,646,0.214964,0.388889,642,0.971635,373,188,3.10559,0,0,0,0,0,0,1
matheed01,6009,2391,0.271173,28.4444,2345,0.95896,0,0,0,12,0,0,0,0,0,1
matlajo01,4449,362,0.129252,0,361,0.9523,125,126,2.28854,3,0,0,0,1,0,0
matthga01,5504,2033,0.281377,13.7647,1876,0.969281,0,0,0,1,0,0,0,1,725000,0
mattido01,4771,1785,0.30744,15.8571,1714,0.855382,0,0,0,6,0,9,3,1,2709545,0
maxvida01,4858,1423,0.217252,0.352941,1401,0.836906,0,0,0,0,0,1,0,0,0,0
maybejo01,5131,1620,0.253167,15.9375,1478,0.994747,0,0,0,2,0,0,0,0,0,0
mayca01,3313,1165,0.273544,7.5,888,0.982878,0,0,0,2,0,0,0,0,0,0
mayje01,3179,556,0.233792,1.36364,525,0.987136,0,0,0,0,0,0,0,0,0,0
mayle01,6232,2071,0.266921,19.6667,1595,0.988055,0,0,0,3,0,0,0,0,0,0
mayru01,6730,536,0.123167,0,535,0.938567,152,156,2.02507,0,0,0,0,0,0,0
maysca01,5276,502,0.268203,0.3125,490,0.964069,207,126,1.23003,0,0,0,0,0,0,0
mayswi01,8143,2992,0.301719,28.6957,2929,0.924812,0,0,0,24,0,12,0,4,0,1
mazerbi01,5933,2163,0.259961,8.11765,2104,0.985058,0,0,0,10,0,8,0,0,0,1
mcaleji01,6648,1020,0.253206,0.923077,1019,0.75612,0,0,0,0,0,0,0,0,0,0
mcauldi01,5462,1763,0.247373,12.3125,1783,0.92399,0,0,0,3,0,0,0,0,0,0
mcbriba01,3719,1071,0.299247,5.25,963,0.988492,0,0,0,1,0,0,0,0,0,0
mccarti01,7696,1909,0.271478,4.04167,1511,0.955241,0,0,0,2,0,0,0,0,0,0
mccarto01,4461,1275,0.291732,3.38462,1298,0.706542,0,7,0.492067,0,0,0,0,0,0,1
mccorfr01,5136,1534,0.298969,9.14286,1453,0.982844,0,0,0,9,0,0,0,1,0,0
mccovwi01,7647,2588,0.269733,22.6522,2320,0.982808,0,0,0,6,0,0,0,2,0,1
mcdanli01,7330,988,0.148148,0.136364,987,0.959995,141,119,2.25684,2,0,0,0,0,0,0
mcdougi01,3453,1336,0.276091,11.2,1391,0.97363,0,0,0,6,0,0,0,0,0,0
mcdowja01,4345,277,0,0,277,0.974275,127,87,2.24094,3,1,0,0,0,2813750,0
mcdowsa01,5030,429,0.153747,0.125,427,0.884894,141,134,1.67027,6,0,0,0,0,0,0
mcgeewi01,6355,2201,0.294679,4.15789,1991,0.97913,0,0,0,4,0,3,1,1,1562667,0
mcginjo01,3457,477,0.193524,0,475,0.917676,246,142,1.39816,0,0,0,0,0,0,1
mcgloly01,3738,320,0.173246,0,318,0.967969,86,93,1.64069,1,0,0,0,0,0,0
mcgrajo01,5774,1099,0.333588,0.764706,1074,0.745681,0,0,0,0,0,0,0,0,0,1
mcgratu01,7100,826,0.182243,0.0526316,824,0.939642,96,92,1.97369,2,0,0,0,0,0,0
mcgresc01,4238,357,0,0,356,0.982477,138,108,1.76589,1,0,0,0,0,866095,0
mcgrifr01,6634,2460,0.284344,23.4762,2239,0.991752,0,0,0,5,0,0,3,1,3874166,0
mcgwima01,5525,1874,0.262809,34.2941,1791,0.9272,0,0,0,12,0,1,3,0,4668022,0
mcinnst01,6685,2128,0.307466,1.05263,2083,0.976958,0,0,0,0,0,0,0,0,0,0
mckecbi01,4769,846,0.250791,0.615385,796,0.914494,0,0,0,0,0,0,0,0,0,1
mclaide01,3279,285,0.133117,0.0909091,280,0.9416,131,91,2.09234,3,2,0,0,1,0,0
mcleala01,5154,862,0.262184,0.428571,798,0.966213,0,0,0,0,0,0,0,0,0,0
mcmahdo02,6208,874,0.136905,0,874,0.925013,90,68,1.76885,1,0,0,0,0,0,0
mcmanma01,5118,1831,0.289189,7.5,1801,0.901422,0,0,0,0,0,0,0,0,0,0
mcmilro01,5587,2093,0.242743,4,2051,0.97002,0,0,0,2,0,3,0,0,0,0
mcmulke01,5476,1583,0.2481,9.17647,1416,0.943703,0,0,0,0,0,0,0,0,0,0
mcnalda01,4638,425,0.132695,0.642857,424,0.959686,184,119,1.7949,3,0,0,0,0,0,0
mcphebi01,6375,2135,0.271379,2.94444,2131,0.872548,0,0,0,0,0,0,0,0,0,1
mcraeha01,6945,2084,0.289692,10.0526,516,0.866042,0,0,0,3,0,0,1,0,725000,0
mcveyca01,3070,530,0.345802,1.22222,607,0.794169,10,12,5.70455,0,0,0,0,0,0,0
meadole01,5124,498,0.179946,0.294118,490,0.897041,188,180,1.01444,0,0,0,0,0,0,0
medicdo01,3679,314,0.0925926,0,312,0.892893,124,105,1.45803,0,0,0,0,0,0,0
medwijo01,5805,1984,0.323641,10.25,1871,0.933457,0,0,0,10,0,0,0,1,0,1
meltobi01,3405,1144,0.252833,16,1028,0.962607,0,0,0,1,0,0,0,0,0,0
menkede01,4470,1598,0.250444,7.76923,1661,0.973548,0,0,0,2,0,0,0,0,0,0
mesajo01,7324,1023,0,0,1022,0.936795,80,109,1.66562,2,0,0,0,0,1922009,0
messean01,3984,353,0.170096,0.416667,344,0.932842,130,99,1.84685,4,0,2,0,0,0,0
meusebo01,3817,1407,0.309224,14.1818,1380,0.959833,0,0,0,0,0,0,0,0,0,0
miksied01,5214,1042,0.236489,2.58824,919,0.851578,0,0,0,0,0,0,0,0,0,0
milancl01,5513,1982,0.285365,1.0625,1903,0.954744,0,0,0,0,0,0,0,0,0,0
millafe01,4089,1480,0.279226,1.83333,1452,0.91045,0,0,0,3,0,2,0,0,0,0
millebi02,5621,1820,0.311333,6.82353,1627,0.976705,0,0,0,0,0,0,0,0,0,0
millebo04,6303,707,0.110368,0,694,0.917152,69,81,1.38439,0,0,0,0,0,0,0
milledo02,4547,1589,0.262877,2.66667,1598,0.893934,0,0,0,0,0,0,0,0,0,0
milleha01,3163,349,0.3225,6.33333,311,0.960633,0,0,0,0,0,0,0,0,0,0
milleno01,3292,540,0.23827,2.18182,382,0.814957,0,0,0,0,0,0,0,0,0,0
milnejo01,4036,1215,0.248836,9.35714,987,0.982174,0,0,0,0,0,0,0,0,0,0
minosmi01,11492,1835,0.298374,10.3333,1791,0.863164,0,0,0,9,0,3,0,0,0,0
mitchke01,5081,1223,0.283745,15.6,1076,0.853885,0,0,0,2,0,0,1,1,1664625,0
mizejo01,6372,1884,0.312122,22.4375,1675,0.992059,0,0,0,10,0,0,0,0,0,1
molitpa01,7478,2683,0.306322,11.1429,1495,0.968494,0,0,0,7,0,0,4,1,2722619,1
mondari01,6500,1986,0.263853,12.6842,1742,0.979328,0,0,0,2,0,0,0,0,0,0
mondera01,4330,1525,0.273306,16.9375,1502,0.973769,0,0,0,1,0,2,0,0,5113077,0
moneydo01,5638,1720,0.261142,11,1553,0.897111,0,0,0,4,0,0,0,0,0,0
montawi01,6017,1632,0.274517,6.95,1516,0.955231,0,0,0,1,0,0,0,0,0,0
montgje01,4445,700,0,0,700,0.966346,46,52,2.44458,3,0,0,0,0,2247273,0
moonwa01,4170,1457,0.288871,11.8333,1277,0.982538,0,0,0,3,0,1,0,0,0,0
moorejo02,4022,1335,0.297586,6.58333,1294,0.979083,0,0,0,6,0,0,0,0,0,0
moorete01,4910,1298,0.280426,7.27273,1197,0.9098,0,0,0,4,0,0,0,0,0,0
moraljo01,3948,733,0.287356,1.85714,104,0.856938,0,0,0,0,0,0,0,0,0,0
morame01,4413,1556,0.277204,12.2143,1525,0.910286,0,0,0,2,0,0,1,0,3355451,0
moranpa01,4769,818,0.234624,1.28571,767,0.914035,0,0,0,0,0,0,0,0,0,0
morgajo02,7680,2649,0.271316,12.1818,2546,0.966838,0,0,0,10,0,5,1,3,0,1
morriha02,4447,1246,0.304152,5.42857,1043,0.894248,0,0,0,0,0,0,0,0,1318136,0
morrija02,6221,568,0,0,549,0.962167,254,186,1.74337,5,0,0,0,1,2237455,0
moseswa01,6010,2012,0.290647,4.94444,1792,0.975267,0,0,0,2,0,0,0,0,0,0
mostijo01,3986,972,0.300542,2.3,923,0.941885,0,0,0,0,0,0,0,0,0,0
motama01,7443,1536,0.304049,1.47619,1043,0.877946,0,0,0,1,0,0,0,0,0,0
muellbi02,3675,1216,0.291025,7.08333,1182,0.967443,0,0,0,0,0,0,1,0,1977944,0
mulcahu01,4306,223,0.164948,0,221,0.95527,45,89,0.480044,1,0,0,0,0,0,0
mulhote01,7300,687,0.11147,0.0769231,685,0.917362,124,142,2.01972,1,0,0,0,0,1632500,0
mungova01,5109,410,0.221093,0,366,0.915825,120,115,1.24326,4,0,0,0,0,0,0
munsoth01,3645,1423,0.291542,10.2727,1311,0.866522,0,0,0,7,0,3,0,1,0,0
murcebo01,6485,1908,0.276672,14,1706,0.915383,0,0,0,5,0,1,0,0,0,0
murphda02,5400,1496,0.289498,2.75,1453,0.908855,0,0,0,0,0,0,0,0,0,0
murphda05,6094,2180,0.265201,20.9474,2147,0.981096,0,0,0,7,0,5,4,2,1841667,0
murraed02,7471,3026,0.287138,21.913,2422,0.906308,0,0,0,8,0,3,3,0,2331479,1
murrare01,4127,1264,0.269958,3.08333,1180,0.963167,0,0,0,0,0,0,0,0,0,0
murreiv01,4022,564,0.235835,3.3,383,0.972593,0,0,0,0,0,0,0,0,0,0
musiast01,8047,3026,0.330842,21.5909,2907,0.958106,0,0,0,24,0,0,0,3,0,1
mussimi01,6265,537,0.173077,0,537,0.980089,270,153,3.60731,5,0,7,0,0,8029646,0
myerbu01,5842,1923,0.302785,2.11111,1810,0.88634,0,0,0,2,0,0,0,0,0,0
myersra01,4737,729,0.183333,0,728,0.962693,44,63,2.27479,4,0,0,0,1,2866143,0
nehfar01,5165,464,0.209836,0.444444,455,0.881248,184,120,1.28328,0,0,0,0,0,0,0
nenro01,3458,643,0.0666667,0,643,0.9474,45,42,3.18861,3,0,0,0,0,3959923,0
nettlgr01,7696,2700,0.247607,17.7273,2504,0.9325,0,0,0,6,0,2,0,1,557937,0
nevinph01,4128,1217,0.270057,13,1069,0.981656,0,0,0,1,0,0,0,0,3298284,0
newcodo01,4152,452,0.271071,1.25,344,0.956325,149,90,2.52544,4,1,0,0,1,0,0
newhoha01,5695,492,0.201201,0.117647,488,0.917076,207,150,1.33395,7,0,0,0,2,0,1
newsobo01,8772,609,0.18923,0.0344828,600,0.93281,211,222,1.08777,4,0,0,0,0,0,0
nichobi01,6307,1677,0.26758,14.6875,1471,0.980431,0,0,0,5,0,0,0,0,0,0
nichoki01,5868,649,0.225791,1,646,0.823642,361,208,1.42442,0,0,0,0,0,0,1
niekrjo01,7684,706,0.156218,0.04,702,0.973296,221,204,1.40613,1,0,0,0,0,791667,0
niekrph01,8565,866,0.169161,0.269231,864,0.937688,318,274,1.77863,5,0,5,0,0,450000,1
nixonot01,5868,1709,0.269599,0.611111,1528,0.986821,0,0,0,0,0,0,0,0,1655417,0
nolanga01,3809,252,0.137996,0.0909091,250,0.977627,110,70,2.41106,1,0,0,0,0,0,0
nomohi01,4735,324,0.134021,0.307692,323,0.888592,123,109,1.93922,1,0,0,0,0,3109909,0
northji01,4014,1392,0.267263,10.9286,1301,0.9849,0,0,0,0,0,0,0,0,0,0
northro01,5646,1084,0.275536,7.2,822,0.971538,0,0,0,0,0,0,0,0,0,0
odayha01,2345,232,0.189718,0.125,242,0.840513,73,110,1.45541,0,0,0,0,0,0,1
odoulle01,5633,970,0.349265,9.41667,838,0.744427,1,1,0.559825,1,0,0,0,0,0,0
oeschjo01,4156,366,0.165275,0,365,0.956147,82,116,0.817273,0,0,0,0,0,0,0
ofarrbo01,7323,1492,0.273104,2.125,1338,0.926763,0,0,0,0,0,0,0,1,0,0
oglivbe01,5510,1754,0.273127,14.6875,1483,0.979971,0,0,0,3,0,0,1,0,663297,0
olearch01,11126,955,0.226176,0.272727,944,0.9537,0,0,0,0,0,0,0,0,0,0
olerujo01,5873,2234,0.294916,14.1667,2053,0.995428,0,0,0,2,0,3,0,0,4549578,0
olivato01,5134,1676,0.304237,14.6667,1178,0.96634,0,0,0,8,0,1,0,0,0,0
oliveal01,6221,2368,0.303127,10.95,2109,0.953661,0,0,0,7,0,0,3,0,750000,0
oneilpa01,5878,2053,0.287647,16.5294,1959,0.894357,0,0,0.5,5,0,0,0,0,3443500,0
oneilst01,6206,1590,0.262565,0.764706,1533,0.972978,0,0,0,0,0,0,0,0,0,0
ordonma01,5142,1848,0.308971,19.6,1725,0.988127,0,0,0,6,0,0,3,0,8898050,0
oroscje01,8941,1252,0.169492,0,1253,0.913252,87,80,2.02509,2,0,0,0,0,897941,0
orourji01,11836,1999,0.310758,2.69565,2079,0.848501,0,1,2,0,0,0,0,0,0,1
osteecl01,6657,588,0.188353,0.4,542,0.82979,196,195,1.46464,3,0,0,0,0,0,0
otisam01,6178,1998,0.27675,11.3529,1932,0.984068,0,0,0,5,0,3,0,0,0,0
ottme01,7745,2730,0.304146,23.2273,2575,0.929097,0,0,0,12,0,0,0,0,0,1
paborch01,1638,170,0.285315,0,178,0.770478,1,4,0,0,0,0,0,0,0,0
pafkoan01,5849,1852,0.285442,11.8333,1783,0.976495,0,0,0,5,0,0,0,0,0,0
paganjo01,5125,1326,0.249932,3.25,1136,0.833011,0,0,0,0,0,0,0,0,0,0
paigesa01,6287,179,0.0967742,0,179,0.833333,28,31,1.35838,2,0,0,0,0,0,1
palmeji01,6965,576,0.173824,0.157895,558,0.964021,268,152,1.58557,6,3,4,0,0,0,1
palmera01,6931,2831,0.288388,28.45,2351,0.990059,0,0,0,4,0,3,2,0,4699789,0
pappami01,5883,527,0.12302,1.05263,521,0.922685,209,164,2.28653,3,0,0,0,0,0,0
parkeda01,6656,2466,0.289806,16.95,1887,0.925414,0,0,0,7,0,3,3,2,1156429,0
parrila01,5140,1891,0.263398,16,1466,0.774752,0,0,0,2,0,0,0,0,556917,0
parrila02,6592,1988,0.252158,16.2,1854,0.946079,0,0,0,8,0,3,6,0,1090061,0
pascuca02,6229,542,0.204757,0.263158,529,0.917816,174,170,1.91807,7,0,0,0,0,0,0
paskedo01,4997,1716,0.268074,2.8,1660,0.943261,0,0,0,0,0,0,0,0,0,0
pearsmo01,3392,225,0.22807,0.2,224,0.97703,100,61,0.88341,2,0,0,0,0,0,0
peckiro01,6219,2012,0.259367,2.66667,1984,0.945595,0,0,0,0,0,0,0,1,0,0
peitzhe01,7533,1234,0.271051,1,1214,0.903032,0,1,1,0,0,0,0,0,0,0
penato01,6236,1988,0.259978,5.63158,1967,0.95393,0,0,0,5,0,4,0,0,1251577,0
pendlte01,5182,1893,0.269767,8.75,1786,0.898259,0,0,0,1,0,3,0,1,1282679,0
pennohe01,8140,620,0.191104,0.173913,617,0.9518,240,162,1.346,0,0,0,0,0,0,1
pepitjo01,4063,1397,0.257995,15.6429,1449,0.984958,0,0,0,3,0,3,0,0,0,0
percitr01,5139,703,0,0,703,0.977886,35,43,2.53206,4,0,0,0,0,3658819,0
perduhu01,1625,161,0.14,0,161,0.937617,51,64,1.51933,0,0,0,0,0,0,0
perezto01,8106,2777,0.279403,16.4783,2539,0.979004,0,0,0,7,0,0,0,1,250000,1
perkicy01,6945,1171,0.258879,1.76471,1123,0.931586,0,0,0,0,0,0,0,0,0,0
perraro01,4447,737,0.0958084,0,737,0.925253,79,74,1.43595,0,0,0,0,0,0,0
perryga01,7830,787,0.131041,0.24,777,0.968596,314,265,2.53443,5,2,0,0,0,0,1
perryji01,5948,635,0.1991,0.263158,631,0.91874,215,174,1.73109,3,1,0,0,0,0,0
peskyjo01,4546,1270,0.306639,1.41667,1188,0.916047,0,0,0,1,0,0,0,0,0,0
petrori01,4742,1553,0.250835,16.1538,1508,0.959605,0,0,0,2,0,0,0,0,0,0
phillde01,4496,377,0.188776,0.230769,375,0.954733,189,109,2.57337,0,0,0,0,0,0,0
phillto02,6306,2161,0.26559,8,2290,0.925998,0,0,0,0,0,0,0,0,1450397,0
piazzmi01,5507,1912,0.30777,23.7222,1700,0.98892,0,0,0,12,0,0,10,1,8011733,1
piercbi02,7064,616,0.184211,0,586,0.961274,211,169,1.83971,7,0,0,0,0,0,0
pikeli01,5924,425,0.32123,1.81818,445,0.80152,0,0,0,0,0,0,0,0,0,0
pinielo01,7225,1747,0.290608,5.66667,1404,0.985385,0,0,0,1,0,0,0,0,0,0
pinsova01,6375,2469,0.285848,14.2222,2419,0.986348,0,0,0,4,0,1,0,0,0,0
pippwa01,5572,1872,0.280735,6,1819,0.99054,0,0,0,0,0,0,0,0,0,0
pizarju01,6354,496,0.202128,0.363636,488,0.9519,131,105,1.55384,2,0,0,0,0,0,0
planked01,5929,630,0.205974,0.176471,623,0.971435,326,194,2.10244,0,0,0,0,0,0,1
plesada01,6379,1064,0.0666667,0,1064,0.937855,65,71,2.80337,3,0,0,0,0,1283580,0
podrejo01,5909,462,0.190289,0.125,440,0.903719,148,116,1.76161,4,0,0,0,1,0,0
portebo01,4061,322,0.184109,0.375,318,0.838806,87,97,0.895113,1,0,0,0,0,0,0
porteda02,5876,1782,0.247157,11.0588,1511,0.984056,0,0,0,4,0,0,0,2,451250,0
posadjo01,5868,1829,0.273145,16.1765,1617,0.959279,0,0,0,5,0,0,5,0,7830567,0
powelbo01,5811,2042,0.265828,19.9412,1910,0.986871,0,0,0,4,0,0,0,1,0,0
powervi01,4191,1627,0.283824,8.4,1655,0.963095,0,0,0,6,0,7,0,0,0,0
pruethu01,3800,211,0.169811,0,211,0.9453,29,48,0.879214,0,0,0,0,0,0,0
puckeki01,4160,1783,0.318056,17.25,1707,0.612457,0,0,0,10,0,6,6,2,3322308,1
puhlte01,5069,1531,0.28033,4.13333,1304,0.935553,0,0,0,1,0,0,0,0,831945,0
quinnja01,8849,771,0.18384,0.333333,759,0.937746,247,218,1.62087,0,0,0,0,0,0,0
quiseda01,3942,674,0.166667,0,674,0.965269,56,46,2.38659,3,0,0,0,0,1057509,0
radboch01,4115,653,0.235223,0.75,678,0.740191,309,195,2.25782,0,0,0,0,0,0,1
raderdo02,3716,1465,0.251061,12.9167,1405,0.964379,0,0,0,0,0,5,0,0,0,0
radkebr01,4170,378,0.103448,0,378,0.988,148,139,3.54691,1,0,0,0,0,5154917,0
raineti01,8419,2502,0.29362,7.08333,2177,0.951932,0,0,0,7,0,0,1,1,2027162,1
ramirma02,6425,2302,0.312227,26.4286,1939,0.979768,0,0,0,12,0,0,9,1,10885672,0
ramospe01,5493,696,0.15505,0.882353,582,0.919588,117,160,1.72435,1,0,0,0,0,0,0
randowi01,6277,2202,0.27563,2.84211,2153,0.95426,0,0,0,6,0,0,1,0,816875,0
raschvi01,3277,269,0.184211,0.0909091,269,0.890036,132,66,1.35783,4,0,0,0,0,0,0
rayji01,3301,309,0.136752,0,308,0.874578,43,30,1.32718,0,0,0,0,0,0,0
rayjo01,3315,1353,0.289514,4.81818,1317,0.978983,0,0,0,1,0,0,1,0,817167,0
raymobu01,2457,136,0.159696,0,136,0.957717,45,57,1.3766,0,0,0,0,0,0,0
reardje01,5366,880,0.0877193,0,880,0.9402,73,77,2.62775,4,0,0,0,0,1277778,0
reesepe01,6730,2166,0.269298,7.875,2129,0.958265,0,0,0,10,0,0,0,0,0,1
reeseri01,3312,866,0.253465,4.72727,714,0.932029,0,0,0,0,0,0,0,0,0,0
reichri01,3507,997,0.261264,8.92308,895,0.921627,0,0,0,0,0,0,0,0,0,0
reisepe01,4365,861,0.295267,5.8,698,0.903124,0,0,0,3,0,0,0,0,0,0
remseja01,4549,578,0.244048,0.727273,580,0.881754,0,0,0,0,0,0,0,0,0,0
remyje01,3329,1154,0.275196,0.7,1120,0.830262,0,0,0,1,0,0,0,0,483333,0
renteed01,5619,2152,0.285802,8.75,2119,0.973328,0,0,0,5,0,2,3,1,5662193,0
reuscri01,6881,579,0.167713,0.190476,557,0.975005,214,191,2.13216,3,0,2,0,0,829167,0
reussje01,7676,631,0.166992,0.04,628,0.921944,220,191,1.5674,2,0,0,0,0,774000,0
reynoal01,4391,475,0.163361,0.0769231,434,0.861746,182,107,1.11284,6,0,0,0,0,0,0
reynosh01,4361,306,0.141026,0.384615,305,0.898792,114,96,2.98002,1,0,0,0,0,3009500,0
rhodear01,7342,903,0.166667,0,900,0.950995,87,70,2.6618,1,0,0,0,0,1945950,0
rhoderi01,5565,427,0.237845,0.5625,413,0.989237,151,125,1.67339,2,0,0,3,0,733000,0
ricede01,5965,1309,0.237324,3.95,1249,0.98534,0,0,0,1,0,0,0,0,0,0
riceji01,5463,2089,0.298115,23.875,1543,0.96662,0,0,0,8,0,0,2,1,1888653,1
ricesa01,6982,2404,0.322257,1.7,2279,0.966376,1,1,0.65,0,0,0,0,0,0,1
richabo01,4076,1412,0.265874,2.83333,1398,0.97026,0,0,0,8,0,5,0,1,0,0
richaha01,4881,1331,0.299185,4.66667,1355,0.937645,3,0,0.41665,0,0,0,0,0,0,0
richajr01,3235,239,0.168478,1,238,0.95652,107,71,1.9021,1,0,0,0,0,0,0
richepe01,4526,446,0.144781,0.0666667,429,0.893773,80,73,2.20843,2,0,0,0,0,0,0
richmle01,2564,251,0.257367,0.5,281,0.790482,75,100,3.1671,0,0,0,0,0,0,0
rickebr01,3357,120,0.239067,0.75,99,0.94265,0,0,0,0,0,0,0,0,0,1
righeda01,5846,718,0.181818,0,718,0.944535,82,79,1.75207,2,0,0,0,0,1418875,0
rijojo01,6750,377,0.191011,0.142857,376,0.936686,116,91,2.37889,1,0,0,0,1,2813542,0
ringji01,4184,391,0.146879,0.333333,389,0.96085,118,149,0.8761,0,0,0,0,0,0,0
ripkeca01,7362,3001,0.275647,20.5238,2977,0.97174,0,0,0,19,0,2,8,4,4108824,1
ritchcl01,4445,1671,0.273357,1.38462,1667,0.905076,0,0,0,0,0,0,0,0,0,0
rivermi01,5171,1468,0.294901,3.8125,1253,0.979687,0,0,0,1,0,0,0,0,0,0
rixeyep01,7715,694,0.191196,0.142857,692,0.97589,266,251,1.19127,0,0,0,0,0,0,1
rizzuph01,5603,1661,0.27304,2.92308,1649,0.90278,0,0,0,5,0,0,0,1,0,1
roberda01,3766,804,0.286926,4.27273,727,0.870636,0,0,0,0,0,0,0,0,0,0
roberro01,6651,688,0.167213,0.238095,676,0.957557,286,245,2.76486,7,0,0,0,0,0,1
robinbi02,6089,1472,0.258249,9.76471,1363,0.863039,0,0,0,0,0,0,0,0,0,0
robinbr01,8001,2896,0.267317,11.6522,2900,0.910303,0,0,0,18,0,16,0,3,0,1
robinfr02,7459,2808,0.294124,26.6364,2450,0.895634,0,0,0,14,0,1,0,4,0,1
robinja02,3456,1382,0.311257,13.7,1364,0.982471,0,0,0,6,0,0,0,1,0,1
robinwi01,6006,1371,0.273498,1,1356,0.832407,0,0,0,0,0,0,0,0,0,1
rodriiv01,7405,2543,0.296497,13.5217,2436,0.991477,0,0,0,14,0,13,7,2,6128697,1
roepr01,5857,333,0.109677,0.0833333,333,0.894208,127,84,1.80078,5,0,0,0,0,0,0
rogerke01,7101,763,0.136364,0,762,0.952733,219,156,1.7218,4,0,5,0,0,4133275,0
rogerst01,4323,406,0.138479,0,399,0.959985,158,152,1.80805,5,0,0,0,0,0,0
rojasco01,5653,1822,0.263116,3.17647,1739,0.797878,0,0,0,5,0,0,0,0,0,0
rolfere01,4108,1175,0.288792,6.9,1148,0.955825,0,0,0,4,0,0,0,0,0,0
rommeed01,4534,507,0.198547,0.0769231,505,0.85125,171,119,0.885308,0,0,0,0,0,0,0
rootch01,6712,632,0.180479,0.647059,632,0.979912,201,160,1.68856,0,0,0,0,0,0,0
rosepe01,8532,3562,0.302853,6.4,3528,0.904367,0,0,0,17,0,2,1,2,679429,0
roushed01,6612,1967,0.322695,3.57895,1863,0.931587,0,0,0,0,0,0,0,0,0,1
rowesc01,5995,491,0.262926,1.125,382,0.970537,158,101,1.60501,3,0,0,0,0,0,0
ruckena01,3439,336,0.195031,0.1,336,0.97101,134,134,1.71042,0,0,0,0,0,0,0
rudijo01,5654,1547,0.264219,11.1875,1445,0.89114,0,0,0,3,0,3,0,0,0,0
rudoldi01,6190,284,0.187679,0.153846,279,0.829123,121,108,1.62245,0,0,0,0,0,0,0
ruelmu01,7028,1468,0.275144,0.2,1413,0.981668,0,0,0,0,0,0,0,0,0,0
rueteki01,4405,349,0.152733,0,340,0.987293,130,92,1.67051,0,0,0,0,0,2947821,0
ruffire01,8507,882,0.268973,1.56522,627,0.962136,273,225,1.3036,6,0,0,0,0,0,1
rusieam01,4413,487,0.247399,0.8,485,0.775025,245,174,1.23364,0,0,0,0,0,0,1
russebi01,6386,2181,0.263187,2.55556,2113,0.904942,0,0,0,3,0,0,0,0,450000,0
russeje01,4794,591,0.139241,0.0625,589,0.912569,56,73,1.89339,2,0,0,0,0,1309667,0
ruthba01,7628,2503,0.342105,32.4545,2436,0.944826,94,46,0.74278,2,0,0,0,1,0,1
ryanmi02,3629,636,0.192708,2.54545,632,0.992709,0,0,0,0,0,0,0,0,0,0
ryanno01,9873,807,0.110329,0.0740741,807,0.891026,324,292,2.09598,8,0,0,0,0,2128556,1
saberbr01,6334,403,0.121053,0,399,0.953988,167,117,3.77074,3,2,1,0,1,2805190,0
sadecra01,6183,587,0.191381,0.227273,563,0.781627,135,131,1.51893,0,0,0,0,0,0,0
sainjo01,4837,433,0.245478,0.230769,412,0.972077,139,116,1.8477,3,0,0,0,0,0,0
salmoti01,5154,1672,0.282103,21.3571,1266,0.977643,0,0,0,0,0,0,1,0,5048393,0
samueju01,5512,1720,0.259497,8.47368,1544,0.954882,0,0,0,3,0,0,1,0,840607,0
sanchfr01,3195,904,0.297472,4.36364,873,0.887786,0,0,0,3,0,0,0,0,3568556,0
sandbry01,5870,2164,0.284556,17.625,2135,0.99054,0,0,0,10,0,9,7,1,2265455,1
sandere02,5820,1777,0.266944,17.9412,1677,0.982659,0,0,0,1,0,0,0,0,2619313,0
sandesc02,2249,236,0.193798,0,235,0.934978,34,45,2.43517,0,0,0,0,0,647000,0
sanguma01,4823,1448,0.296326,5,1241,0.983826,0,0,0,3,0,0,0,0,0,0
santibe01,6784,1978,0.263271,10.85,1944,0.913065,0,0,0,5,0,3,4,1,1752377,0
santoro01,5208,2243,0.276802,22.8,2201,0.921992,0,0,0,9,0,5,0,0,0,1
sauerha01,6551,1399,0.266472,18,1266,0.927105,0,0,0,2,0,0,0,1,0,0
saxst01,4646,1769,0.280836,3.85714,1719,0.924084,0,0,0,5,0,0,1,0,1658801,0
schaapa01,3606,1128,0.244444,4.75,1095,0.854838,0,0,0,0,0,0,0,0,0,0
schacal01,719,53,0.196078,0,53,0.928933,14,10,0.729633,0,0,0,0,0,0,0
schaege01,6046,1150,0.256871,0.5625,1043,0.883491,0,0,0,0,0,0,0,0,0,0
schalra01,6244,1762,0.253487,0.611111,1727,0.980356,0,0,0,0,0,0,0,0,0,1
schanwa01,6618,1842,0.283776,3.10526,1663,0.942834,0,0,0,0,0,0,0,0,0,0
schilcu01,6957,571,0.151358,0,569,0.911576,216,146,4.19043,6,0,0,0,2,6008316,0
schmija01,5213,324,0.105528,0.4375,323,0.969331,130,96,2.02556,3,0,0,0,0,6131283,0
schmimi01,6102,2404,0.267481,30.4444,2399,0.932225,0,0,0,12,0,10,6,4,2161075,1
schoere01,6655,2216,0.288831,4,2045,0.935661,0,0,0,10,0,0,0,0,0,1
schreos01,4041,895,0.271181,0.6,855,0.86993,0,0,0,0,0,0,0,0,0,0
schulfr01,5094,1806,0.27032,5.41176,1737,0.963212,0,0,0,0,0,0,0,1,0,0
schumha02,5642,450,0.202009,1.15385,393,0.83426,158,121,0.987062,2,0,0,0,0,0,0
scottev01,4487,1654,0.249272,1.33333,1647,0.965017,0,0,0,0,0,0,0,0,0,0
scottge02,4916,2034,0.267994,16.9375,1992,0.891129,0,0,0,3,0,8,0,0,0,0
scottja01,4764,408,0.275,0.384615,357,0.889979,103,109,1.4772,0,0,0,0,0,0,0
scottmi03,4378,348,0.124043,0.153846,347,0.936508,124,108,2.05267,3,1,0,0,1,1155000,0
scottto01,4038,991,0.249376,1.30769,853,0.911677,0,0,0,0,0,0,0,0,0,0
seaveto01,7099,677,0.153612,0.545455,656,0.960432,311,205,2.59245,12,3,0,0,0,1134457,1
seguida01,5237,1456,0.291314,7.72222,1220,0.912048,0,0,0,0,0,0,0,0,2988354,0
seguidi01,5644,640,0.151042,0.25,639,0.9514,92,111,1.68735,0,0,0,0,0,0,0
seleaa01,5207,404,0.155172,0,404,0.931667,148,112,1.71001,2,0,0,0,0,3619464,0
selkige01,2968,846,0.290323,12,773,0.979633,0,0,0,2,0,0,0,0,0,0
selmadi01,3263,324,0.172414,0,310,0.762536,42,54,1.61588,0,0,0,0,0,0,0
severha01,5612,1390,0.288729,1,1242,0.93147,0,0,0,0,0,0,0,0,0,0
seweljo01,4762,1903,0.312114,3.5,1875,0.956489,0,0,0,0,0,0,0,0,0,1
sewellu01,7702,1630,0.258778,1,1580,0.896977,0,0,0,1,0,0,0,0,0,0
sewelri01,6306,423,0.202667,0.461538,390,0.951415,143,97,0.813554,4,0,0,0,0,0,0
sexsori01,3986,1367,0.260958,21.8571,1308,0.9954,0,0,0,2,0,0,0,0,6249182,0
seymocy01,6294,1528,0.303238,2.88889,1481,0.844293,61,56,0.755267,0,0,0,0,0,0,0
shantbo01,5630,578,0.195255,0.0526316,538,0.96696,119,99,1.99867,3,0,8,0,1,0,0
sheckji01,5857,2122,0.27403,2.94737,2098,0.912108,0,0,0,0,0,0,0,0,0,0
sheffga01,7697,2576,0.291744,21.2083,2212,0.929774,0,0,0,9,0,0,5,0,8000407,0
sherdbi01,5164,549,0.222917,0.529412,517,0.914689,165,146,1.22001,0,0,0,0,0,0,0
shockur01,4419,412,0.209273,0.0769231,412,0.904869,187,117,1.36658,0,0,0,0,0,0,0
shortch02,5266,506,0.126255,0,502,0.897687,135,132,1.89398,2,0,0,0,0,0,0
siebeso01,4169,405,0.172727,0.8,399,0.88186,140,114,2.23628,2,0,0,0,0,0,0
sierrru01,7343,2186,0.267529,12.24,1622,0.968378,0,0,0,4,0,0,1,0,2713438,0
sievero01,5862,1887,0.266635,17.6667,1756,0.984921,0,0,0,5,0,0,0,0,0,0
simmoal01,7382,2215,0.334171,14.619,2143,0.98245,0,0,0,3,0,0,0,0,0,1
simmocu01,7308,609,0.170925,0.0434783,569,0.91777,193,183,1.5122,3,0,0,0,0,0,0
simmote01,7316,2456,0.284793,11.8095,2035,0.944064,0,0,0,8,0,0,1,0,742500,0
simsdu01,3656,843,0.239472,7.14286,761,0.9342,0,0,0,0,0,0,0,0,0,0
singebi01,4678,324,0.108959,0,322,0.872513,118,127,1.73416,2,0,0,0,0,0,0
singlke01,5207,2082,0.282237,16.4,1538,0.980931,0,0,0,3,0,0,0,0,0,0
sislege01,5565,2055,0.340148,6.375,2036,0.911846,5,6,0.939843,0,0,0,0,1,0,1
sistisi01,5434,1016,0.244081,2.07692,934,0.866975,0,0,0,0,0,0,0,0,0,0
slaugen01,7833,2380,0.299899,7.68182,2064,0.9808,0,0,0,10,0,0,0,0,0,1
smallro01,3653,872,0.227307,5.54545,831,0.879967,0,0,0,0,0,0,0,0,0,0
smithea02,4175,860,0.303004,3.06667,721,0.9077,0,0,0,0,0,0,0,0,0,0
smithle02,6148,1023,0.046875,0.047619,1022,0.978043,71,92,2.65844,7,0,0,0,0,1620470,0
smithlo01,5821,1613,0.287814,5.15789,1356,0.971279,0,0,0,1,0,0,0,0,1071111,0
smithoz01,6750,2573,0.261814,1.47368,2511,0.977642,0,0,0,15,0,13,1,1,2383333,1
smithre06,5859,1987,0.287217,17.4444,1875,0.982292,0,0,0,7,0,1,0,0,0,0
smithsh01,5912,381,0.232722,0.4,376,0.843025,114,118,1.04803,0,0,0,0,0,0,0
smoltjo01,7739,735,0.159283,0.227273,723,0.958559,213,155,3.74891,8,1,0,1,1,6456926,1
snidedu01,6379,2143,0.295489,22.6111,1918,0.9823,0,0,0,8,0,0,0,0,0,1
snowjt01,5851,1716,0.267506,11.8125,1656,0.99554,0,0,0,0,0,6,0,0,2684643,0
sosasa01,6679,2354,0.273233,32.0526,2203,0.972905,0,0,0,7,0,0,6,1,6892667,0
sotoma01,3983,303,0.132075,0.0833333,297,0.948025,100,92,1.88161,3,0,0,0,0,1155357,0
southbi01,5818,1192,0.297316,3.71429,1117,0.89592,0,0,0,0,0,0,0,0,0,1
spahnwa01,8566,783,0.19391,1.59091,750,0.954232,363,245,1.7747,17,1,0,0,0,0,1
spaldal01,2675,411,0.313075,0.25,479,0.78964,253,65,0.761943,0,0,0,0,0,0,1
sparktu01,4648,313,0.114035,0,313,0.946231,121,136,1.24847,0,0,0,0,0,0,0
speaktr01,7658,2789,0.344679,5.31818,2717,0.9757,0,0,0,0,0,0,0,1,0,1
speiech01,6752,2260,0.245808,5.09091,2224,0.952348,0,0,0,3,0,0,0,0,320000,0
spencji01,5034,1553,0.25,8.58823,1245,0.995433,0,0,0,1,0,2,0,0,0,0
splitpa01,5025,430,0.181818,0,429,0.978,166,143,1.39954,0,0,0,0,0,0,0
stahlja01,3707,981,0.261022,3.1,959,0.974667,0,0,0,0,0,0,0,0,0,0
stahlla01,3306,730,0.232423,3.6,484,0.98872,0,0,0,0,0,0,0,0,0,0
stairma01,6993,1895,0.26249,12.0455,1071,0.961177,0,0,0,0,0,0,0,0,1091389,0
stanked01,3748,1259,0.26831,2.41667,1209,0.8508,0,0,0,3,0,0,0,0,0,0
stanlmi01,5128,1516,0.247511,7.8,1480,0.915791,0,0,0,0,0,4,0,0,0,0
stantmi01,3683,277,0.25,0,277,0.93445,13,22,1.64901,0,0,0,0,0,0,0
stargwi01,7322,2360,0.281569,22.619,2144,0.977232,0,0,0,7,0,0,0,3,0,1
staubru01,8216,2951,0.279424,12.1667,2101,0.97285,0,0,0,6,0,0,0,0,300000,0
stearjo01,3661,810,0.259605,4.18182,783,0.9133,0,0,0,4,0,0,0,0,0,0
steinha01,4817,1646,0.2673,1.92857,1642,0.924232,0,0,0,0,0,0,0,0,0,0
steinte01,4767,1546,0.270628,11.5714,1480,0.97627,0,0,0,3,0,0,0,1,1930962,0
stengca01,4627,1277,0.284282,4,1183,0.9585,0,0,0,0,0,0,0,0,0,1
stephjo03,61,12,0,0,12,0.9231,2,5,2.5455,0,0,0,0,0,0,0
stephri01,4912,1310,0.336069,4.5,1160,0.925148,0,0,0,0,0,0,0,0,0,0
stewada01,6142,523,0.196078,0,523,0.800826,168,129,1.56532,1,0,0,0,3,1795303,0
stewaji01,3679,777,0.23662,0.727273,504,0.838679,0,0,0,0,0,0,0,0,0,0
stiebda01,7028,454,0,0,444,0.900553,176,137,1.5206,7,0,0,0,0,1425000,0
stonest01,3827,340,0.100457,0,320,0.944573,107,93,1.46677,1,1,0,0,0,0,0
stottme01,3656,366,0.160214,0.636364,360,0.969891,164,139,1.54247,5,0,0,0,0,0,0
stottto01,5194,373,0.206612,0.0666667,372,0.96368,138,121,1.92219,0,0,0,0,0,3825607,0
stoveha01,4837,1486,0.28853,7.625,1498,0.814694,0,0,0.333333,0,0,0,0,0,0,0
strawda01,5994,1583,0.258583,19.7059,1384,0.967762,0,0,0,8,0,0,2,0,1895667,0
streega01,9868,504,0.207861,0.2,493,0.95879,0,0,0,0,0,0,0,0,0,0
suhrgu01,3680,1435,0.279366,7,1408,0.990715,0,0,0,1,0,0,0,0,0,0
sukefcl01,6947,486,0.263541,0.2,399,0.975367,0,0,0,0,0,0,0,0,0,0
sullibi03,6058,1147,0.213052,1.3125,1133,0.853425,0,0,0,0,0,0,0,0,0,0
summech01,3802,698,0.255288,4.5,297,0.869779,0,0,0,0,0,0,0,0,0,0
sundbji01,5652,1962,0.247965,5.58824,1930,0.994142,0,0,0,3,0,6,0,0,632032,0
surhobj01,6752,2313,0.281666,9.4,2171,0.935338,0,0,0,1,0,0,0,0,1834218,0
sutclri01,6505,466,0.181495,0.210526,457,0.927211,171,139,1.52328,3,1,0,0,0,1835000,0
suttebr01,4506,661,0.0882353,0,661,0.961383,68,71,2.83869,6,1,0,0,0,1666667,1
suttodo01,8153,785,0.144018,0,774,0.969932,324,256,2.64672,4,0,0,0,1,720000,1
sweenbi02,2670,1039,0.271939,1.22222,1031,0.901633,0,0,0,0,0,0,0,0,0,0
sweenmi01,5508,1454,0.296839,12.6471,789,0.980753,0,0,0,5,0,0,0,0,4549563,0
tananfr01,7327,639,0.152542,0,638,0.957574,240,236,2.23877,3,0,0,0,0,1126667,0
tanneje01,6142,506,0.256028,0.3125,445,0.908804,197,116,1.78291,0,0,0,0,0,0,0
tartada01,4595,1406,0.2726,17.4667,977,0.976521,0,0,0,1,0,0,0,0,2749583,0
tayloto02,6742,2195,0.261328,3.57143,2031,0.886423,0,0,0,2,0,0,0,0,0,0
tebbebi01,5842,1162,0.269978,2.53333,1108,0.979827,0,0,0,4,0,0,0,0,0,0
tekulke01,5536,1050,0.0826446,0,1051,0.978583,94,90,1.5819,1,0,0,0,0,873750,0
templga01,5535,2079,0.271467,4.11765,2010,0.9228,0,0,0,3,0,0,2,0,900964,0
tenacge01,5237,1555,0.241458,13.4,1551,0.899686,0,0,0,1,0,0,0,1,0,0
tennefr01,122,37,0.215827,0,38,0.86645,3,2,3.05,0,0,0,0,0,0,0
tennefr02,6321,1994,0.293746,1.29412,1986,0.853422,0,0,0,0,0,0,0,0,0,0
terrybi01,4747,1721,0.341164,11,1594,0.930363,0,0,0,3,0,0,0,0,0,1
tettlmi01,4750,1485,0.240954,17.5,1139,0.99125,0,0,0,2,0,0,3,0,1419678,0
tewksbo01,4551,303,0.131579,0,302,0.948571,110,102,2.57928,1,0,0,0,0,1288182,0
theveto01,5141,1229,0.247358,0.133333,1208,0.922543,0,0,0,0,0,0,0,0,0,0
thomafr04,6602,2322,0.301012,26.05,971,0.98672,0,0,0,5,0,0,4,2,5813000,1
thomago01,4930,1436,0.224717,17.8667,1167,0.952413,0,0,0,1,0,0,0,0,450000,0
thomair01,3318,484,0.241864,0.3,452,0.976691,0,0,0,0,0,0,0,0,0,0
thompro01,3820,1304,0.257372,10.8182,1280,0.984492,0,0,0,2,0,1,1,0,1574458,0
thompsa01,7739,1407,0.330715,8.46667,1408,0.933441,0,0,0,0,0,0,0,0,0,1
thomsbo01,5060,1779,0.27042,15.5294,1700,0.915775,0,0,0,3,0,0,0,0,0,0
thornan01,5147,1565,0.253638,16.8667,743,0.921847,0,0,0,2,0,0,1,0,1100000,0
tiantlu01,6621,573,0.163743,0.263158,573,0.951458,229,172,2.2527,3,0,0,0,0,0,0
tidrodi01,4402,620,0.0947368,0,620,0.96786,100,94,1.65127,0,0,0,0,0,0,0
timlimi01,6383,1059,0,0,1058,0.9623,75,73,2.55971,0,0,0,0,0,2137661,0
tinkejo01,5272,1804,0.262201,2.06667,1792,0.93007,0,0,0,0,0,0,0,0,0,1
tobinji01,3068,396,0.229899,1.7,288,0.968773,105,112,0.94375,1,0,0,0,0,0,0
tolanbo01,5129,1282,0.264512,6.14286,1135,0.9344,0,0,0,0,0,0,0,0,0,0
toneyfr01,4550,336,0.158602,0.230769,336,0.947046,139,102,1.19024,0,0,0,0,0,0,0
torboje01,3429,574,0.213515,0.8,559,0.98884,0,0,0,0,0,0,0,0,0,0
torgeea01,5244,1668,0.265245,8.27778,1422,0.93151,0,0,0,0,0,0,0,0,0,0
torrejo01,6109,2209,0.297435,14,2207,0.951833,0,0,0,9,0,1,0,1,0,1
torremi01,6165,499,0.15534,0,494,0.853476,185,160,1.20543,0,0,0,0,0,0,0
tovarce01,4188,1488,0.277608,3.28571,1467,0.902008,0,0,1,0,0,0,0,0,0,0
trammal01,6960,2293,0.285352,9.25,2202,0.974316,0,0,0,6,0,4,3,1,1410744,0
traynpi01,6177,1941,0.319619,3.41176,1914,0.910167,0,0,0,2,0,0,0,0,0,1
trillma01,5805,1780,0.262521,3.38889,1729,0.914887,0,0,0,4,0,3,2,1,476679,0
troutdi01,6714,535,0.213319,1.25,521,0.878956,170,161,1.09932,2,0,0,0,0,0,0
truckvi01,6208,517,0.18019,0.105263,517,0.950211,177,135,1.30947,2,0,0,0,0,0,0
tudorjo01,4046,289,0.153646,0,281,0.981923,117,72,2.01675,0,0,0,0,0,876250,0
turneji01,3058,238,0.218045,0.1,231,0.9514,69,60,1.11495,1,0,0,0,0,0,0
turnete01,6609,1659,0.253167,0.470588,1631,0.901009,0,0,0,0,0,0,0,0,0,0
uhlege01,6355,722,0.288971,0.473684,513,0.868037,200,166,1.10282,0,0,0,0,0,0,0
unserde01,5170,1799,0.257718,5.4375,1575,0.945917,0,0,0,0,0,0,0,0,0,0
valenel01,3682,894,0.278269,11.1818,856,0.9669,0,0,0,1,0,1,0,0,0,0
valenfe01,6146,474,0.199786,0.555556,455,0.918065,173,153,1.85837,6,1,1,2,0,1237500,0
valoel01,7679,1806,0.282362,2.52174,1329,0.856674,0,0,0,0,0,0,0,0,0,0
vanceda01,7425,442,0.15036,0.388889,442,0.914289,197,140,2.05065,0,0,0,0,1,0,1
vandejo01,5128,382,0.151825,0.0769231,346,0.945723,119,121,1.17012,4,0,0,0,0,0,0
vanhage01,5934,1984,0.315671,3.83333,2009,0.863595,40,31,1.02834,0,0,0,0,0,0,0
vanslan01,4489,1658,0.273507,11.7143,1643,0.986332,0,0,0,3,0,5,2,0,1891818,0
varitja01,5114,1546,0.256325,12.8667,1488,0.994167,0,0,0,3,0,1,1,0,4794609,0
vaughar01,6002,1817,0.317578,6.85714,1743,0.9674,0,0,0,9,0,0,0,0,0,1
vaughgr01,5082,1731,0.241684,22.1875,1266,0.983107,0,0,0,4,0,0,1,0,3955278,0
vaughmo01,4327,1512,0.292842,27.3333,1305,0.987092,0,0,0,3,0,0,1,1,7171786,0
veachbo01,4774,1821,0.309946,4,1741,0.903182,0,0,0,0,0,0,0,0,0,0
vealebo01,4528,399,0.114286,0,397,0.777743,120,95,2.10418,2,0,0,0,0,0,0
venturo01,5499,2079,0.266846,17.2941,2052,0.898228,0,0,0,2,0,6,0,0,4475667,0
vernomi01,7752,2409,0.285763,8.19048,2241,0.986905,0,0,0,7,0,0,0,0,0,0
violafr01,5105,421,0.140541,0,421,0.943563,176,150,2.05864,3,1,0,0,1,2301727,0
virdobi01,4859,1583,0.26689,7,1542,0.982562,0,0,0,0,0,1,0,0,0,0
vuckope01,4078,286,0.158654,0,286,0.950291,93,69,1.48221,0,1,0,0,0,540000,0
wadderu01,4709,410,0.161351,0.285714,408,0.903413,193,143,2.50018,0,0,0,0,0,0,1
wagnebi02,5499,854,0.1,0,853,0.844418,47,40,4.02793,7,0,0,0,0,5805188,0
wagneho01,7364,2792,0.327421,4.80952,2775,0.9083,0,0,1.375,0,0,0,0,0,0,1
wakefti01,6995,630,0.117117,0.0526316,627,0.950432,200,180,1.81207,1,0,0,0,0,3110833,0
walberu01,5270,547,0.179006,0.25,544,0.949325,155,141,1.01823,0,0,0,0,0,0,0
walkedi02,6722,1905,0.306231,5.25,1739,0.963495,0,0,0,5,0,0,0,0,0,0
walkeha01,5441,807,0.296492,0.769231,715,0.910486,0,0,0,2,0,0,0,0,0,0
walkela01,5891,1988,0.312726,21.2778,1887,0.90605,0,0,0,5,0,7,3,1,7357562,0
walketo04,3905,1288,0.288977,7.13333,1152,0.940636,0,0,0,0,0,0,0,0,1232000,0
wallabo01,8752,2383,0.267928,1.36,2368,0.936777,24,22,0.540725,0,0,0,0,0,0,1
wallati01,5867,2212,0.257439,14.4444,2192,0.815274,0,0,0,5,0,3,2,0,1351892,0
walshed01,4875,459,0.193015,0.214286,436,0.893619,195,126,2.29594,0,0,0,0,0,0,1
waltebu01,6884,715,0.242625,1.09524,634,0.907588,198,160,1.06843,6,0,0,0,1,0,0
wambsbi01,4437,1491,0.2595,0.538462,1437,0.946246,0,0,0,0,0,0,0,0,0,0
wanerll01,6732,1993,0.316392,1.28571,1821,0.98755,0,0,0,1,0,0,0,0,0,1
wanerpa01,6953,2549,0.333228,5.13636,2361,0.971781,0,0,0,4,0,0,0,1,0,1
wardjo01,5920,1825,0.275141,1.52941,1870,0.866891,164,102,3.51259,0,0,0,0,0,0,1
warnelo01,5643,459,0.223493,0.25,445,0.98525,192,121,1.74724,5,0,0,0,0,0,0
washicl01,5827,1912,0.277589,7.80952,1685,0.971495,0,0,0,2,0,0,0,0,693333,0
wathajo01,3420,860,0.261876,2.1,832,0.949852,0,0,0,0,0,0,0,0,412500,0
watsobo01,6596,1832,0.29523,8.7619,1668,0.9856,0,0,0,2,0,0,0,0,0,0
weisswa01,4830,1495,0.257576,1.78571,1462,0.968179,0,0,0,1,0,0,0,0,1476842,0
welchbo01,5896,520,0.151203,0.117647,507,0.89715,211,146,1.94344,2,1,0,0,0,1930417,0
welchmi01,4399,606,0.223535,0.923077,624,0.707742,307,210,1.3136,0,0,0,0,0,0,1
wellsda01,7395,660,0.129213,0,660,0.947658,239,157,3.1926,3,0,0,0,1,2928433,0
werbebi01,4455,1295,0.271298,6.5,1290,0.797921,0,0,0,0,0,0,0,0,0,0
wertzvi01,6001,1862,0.277423,12.6667,1604,0.982024,0,0,0,4,0,0,0,0,0,0
westrwe01,3665,919,0.216624,8.72727,903,0.98555,0,0,0,2,0,0,0,0,0,0
westsa01,5639,1753,0.298959,4.41176,1602,0.982384,0,0,0,4,0,0,0,0,0,0
wettejo01,4130,618,0.166667,0.0833333,618,0.874608,48,45,3.2895,3,0,0,0,1,3046045,0
wheatza01,6584,2410,0.316714,6.94737,2337,0.964742,0,0,0,0,0,0,0,0,0,1
whitalo01,6596,2390,0.276429,12.8421,2308,0.984347,0,0,0,5,0,3,4,0,1796364,0
whitebu01,4900,924,0.266285,1.88889,887,0.93009,0,0,0,2,0,0,0,0,0,0
whitede01,7093,1560,0.311896,1.15,1619,0.788109,0,0,0,0,0,0,0,0,0,1
whitede03,5877,1941,0.263344,12.2353,1868,0.984659,0,0,0,3,0,7,0,0,2294375,0
whiteea01,5859,548,0.204493,0.235294,542,0.891528,218,185,0.964571,0,0,0,0,0,0,0
whitefr01,6319,2324,0.255249,8.88889,2323,0.877076,0,0,0,5,0,8,1,1,867000,0
whiteha01,4760,337,0.145098,0,336,0.959508,46,54,0.705669,0,0,0,0,0,0,0
whitero01,5133,1881,0.271128,10.6667,1652,0.981784,0,0,0,2,0,0,0,0,0,0
whitero02,5142,1474,0.283554,11.6471,1246,0.987041,0,0,0,1,0,0,0,0,2343400,0
whitewi01,3272,403,0.183356,0.1,408,0.804717,229,166,2.25611,0,0,0,0,0,0,0
wilheho01,7388,1070,0.087963,0.0384615,1070,0.944262,143,122,2.1596,8,0,0,0,0,0,1
willibe02,5565,2076,0.296861,17.9375,1924,0.990481,0,0,0,5,0,4,1,1,6443750,0
willibi01,6267,2488,0.289947,23.6667,2184,0.930048,0,0,0,6,0,0,0,0,0,1
willicy01,6640,2002,0.292183,13.2105,1818,0.975068,0,0,0,0,0,0,0,0,0,0
willidi02,4862,1023,0.259547,4.66667,921,0.927942,0,0,0,0,0,0,0,0,0,1
willike01,5141,1397,0.31921,14,1301,0.895927,0,0,0,0,0,0,0,0,0,0
willima04,5894,1866,0.268286,22.2353,1877,0.926579,0,0,0,5,0,4,4,0,5257333,0
willimi02,4049,619,0.1875,0.0909091,619,0.788336,45,58,1.16407,1,0,0,0,0,1557813,0
willine01,4532,1201,0.254557,4.92308,1225,0.813769,1,1,0.142857,0,0,0,0,0,0,0
willite01,7832,2292,0.344407,27.4211,2152,0.97703,0,0,0,19,0,0,0,2,0,1
willivi01,4520,531,0.166109,0.0769231,525,0.955513,249,205,1.38322,0,0,0,0,0,0,1
williwo02,5244,443,0.194444,0.25,424,0.957187,132,116,2.09939,1,0,0,0,0,3380767,0
willsma01,4869,1942,0.281234,1.33333,1918,0.917496,0,0,0,7,0,2,0,2,0,0
wilsoha01,3983,1348,0.306933,18.7692,1262,0.956886,0,0,0,0,0,0,0,0,0,1
wilsoji01,6375,1525,0.284219,1.68421,1367,0.763403,0,0,0,2,0,0,0,0,0,0
wilsowi02,6463,2154,0.285474,2.15789,2031,0.980605,0,0,0,2,0,1,2,0,1120437,0
winfida01,8139,2973,0.28265,20.2174,2479,0.948281,0,0,0,12,0,7,6,0,2099553,1
winnra01,4528,1717,0.284352,7.33333,1606,0.992212,0,0,0,1,0,0,0,0,3519167,0
wiseri01,6566,511,0.194611,0.833333,506,0.981756,188,181,1.92854,2,0,0,0,0,0,0
wittbo01,5659,438,0.140625,0.0526316,430,0.938889,142,157,1.42656,0,0,0,0,0,1436222,0
wittmi01,4450,341,0,0,341,0.9583,117,116,1.69479,2,0,0,0,0,1594444,0
wittwh01,3781,1139,0.286502,1.8,1058,0.961719,0,0,0,0,0,0,0,0,0,0
womacto01,4670,1303,0.272617,2.25,1250,0.875303,0,0,0,1,0,0,0,0,2340000,0
woodjo02,5144,696,0.283299,1.64286,667,0.967467,117,57,1.61033,0,0,0,0,0,0,0
woodwi01,6262,651,0.0838509,0,651,0.981828,164,156,1.82129,3,0,0,0,0,0,0
worreto01,4411,617,0.0740741,0,621,0.764286,50,52,2.73578,3,0,0,0,0,1739167,0
wrighge01,4168,591,0.301565,0.916667,595,0.854172,0,1,0,0,0,0,0,0,0,1
wrighgl01,4068,1119,0.293523,8.54545,1074,0.811435,0,0,0,0,0,0,0,0,0,0
wrighha01,2339,180,0.272059,0.571429,215,0.748292,4,4,0.9375,0,0,0,0,0,0,1
wyattwh01,5784,366,0.21911,0.411765,360,0.875118,106,95,1.11696,4,0,0,0,0,0,0
wynnea01,8766,796,0.214202,0.73913,691,0.970552,300,244,1.28303,8,1,0,0,0,0,1
wynnji01,5193,1920,0.250263,18.1875,1833,0.977789,0,0,0,3,0,0,0,0,0,0
yastrca01,8209,3308,0.285202,19.6522,2874,0.959869,0,0,0,18,0,7,0,2,0,1
yeagest01,5140,1269,0.227679,6.8,1230,0.988067,0,0,0,0,0,0,0,1,456405,0
yerkest02,2572,711,0.268148,0.75,696,0.942309,0,0,0,0,0,0,0,0,0,0
yorkru01,5143,1603,0.275165,19.7857,1557,0.977837,0,0,0,7,0,0,0,0,0,0
youngcy01,7730,918,0.210473,0.782609,911,0.93696,511,316,2.86857,0,0,0,0,0,0,1
younger01,5164,1730,0.282889,4.38889,1557,0.908179,0,0,0,1,0,0,1,0,2103750,0
youngpe01,4541,730,0.261557,2.90909,670,0.91359,0,0,0,0,0,0,0,0,0,0
youngro01,3241,1211,0.322239,4.2,1211,0.947254,0,0,0,0,0,0,0,0,0,1
yountro01,7121,2856,0.285429,12.55,2709,0.935425,0,0,0,3,0,1,3,2,1966667,1
zachato01,6531,546,0.226381,0.25,533,0.915954,186,191,0.694896,0,0,0,0,0,0,0
zachrpa01,3335,293,0.113208,0,293,0.954255,69,67,1.27192,1,0,0,0,0,0,0
zahnge01,4364,304,0.139535,0,304,0.854407,111,109,1.52826,0,0,0,0,0,550000,0
zeileto01,5525,2158,0.264624,12.0476,2099,0.84845,0,0,0,0,0,0,0,0,2548000,0
zimmech01,7009,1280,0.269248,1.3,1273,0.858685,0,0,0,0,0,0,0,0,0,0
ziskri01,4396,1453,0.287131,15.9231,905,0.97927,0,0,0,2,0,0,0,0,272500,0
